CourierID,CourierName,HubID,CompanyName
1,Marilyn Villegas,12,DHL
2,Jessica Zhang,10,DHL
3,Heather Barry,5,DHL
4,Jillian Schmitt,2,UPS
5,Chris Beard,2,FedEx
6,Julia Bradley,6,UPS
7,Michael Bell,12,SF Express
8,Mr. Christopher Wilson,4,DHL
9,Christopher Irwin,5,GLS
10,Keith Scott,1,UPS
11,Roberta Mckee,11,SF Express
12,Christopher Rios,6,FedEx
13,Elizabeth Russo,3,FedEx
14,James Hall,4,DHL
15,Ronald Murray,5,GLS
16,Kimberly Jordan,7,DHL
17,Gina Ellis,2,UPS
18,Mark Solis,3,FedEx
19,William Bell,11,Yamato Transport
20,Trevor James,11,Blue Dart
21,Kathryn Wise,3,FedEx
22,Cheyenne Roach,9,Aramex
23,David Watkins,1,FedEx
24,Rhonda Walters,2,UPS
25,Anthony Foley,12,Yamato Transport
26,Shannon Rodriguez,1,UPS
27,Amy Wilson,2,DHL
28,Thomas White,5,DHL
29,Brian Lopez,7,Aramex
30,Kari Brown,10,J&T Express
31,Brian Fuller,6,UPS
32,Ryan Lloyd,7,Aramex
33,Eric Baird,11,SF Express
34,Amanda Mckinney,8,DHL
35,Brenda Cunningham,9,DHL
36,David Boyd,2,UPS
37,Russell Garza,7,Aramex
38,Katherine Delacruz,7,DHL
39,Anthony Smith,5,GLS
40,Michelle Randolph,5,DHL
41,Christopher Arnold,4,DPD
42,Joseph Cruz,7,DHL
43,Joel Wells MD,10,FedEx
44,Thomas Kramer,12,DHL
45,Edward Larson,9,Aramex
46,Jordan Lewis,3,FedEx
47,Richard Stokes,1,UPS
48,Lisa Trevino,5,UPS
49,Adam Lamb,7,DHL
50,Jennifer Johnson,11,DHL
51,Amanda Campos,1,FedEx
52,Jessica Barnes,11,DHL
53,Benjamin Garcia,8,Aramex
54,Dawn Anderson,5,GLS
55,Chase Ibarra,7,UPS
56,Madeline Rivera,4,UPS
57,Devon Jones,2,UPS
58,Christine Jackson,10,SF Express
59,Jaime Reese,9,Aramex
60,Nicole Wilson,11,SF Express
61,Brendan Robinson,2,UPS
62,Joel Peterson,3,FedEx
63,Emily Lee,11,SF Express
64,Christy Miller,10,SF Express
65,Thomas Bean,10,SF Express
66,Thomas Ray,2,Yamato Transport
67,William Dudley,5,GLS
68,Sara Brown,3,UPS
69,Emily Richardson,12,DHL
70,Darren Bell,1,FedEx
71,Melissa Dennis,4,DHL
72,Tyler Allen,3,FedEx
73,Leslie Christian,9,Aramex
74,Katherine Sanchez,5,GLS
75,Dawn Peterson,12,Blue Dart
76,Gregory Hart,6,DHL
77,Margaret Daniels,10,Blue Dart
78,Mr. Dustin Copeland,1,UPS
79,Tiffany Pope,2,FedEx
80,Steven White,7,Aramex
81,Mrs. Courtney Davis,1,UPS
82,Christopher Duffy,1,DHL
83,Samuel Snyder,8,FedEx
84,Albert Reed,3,UPS
85,Ashley Joseph,12,J&T Express
86,Tracy Robinson,10,Yamato Transport
87,Miranda Chase,12,J&T Express
88,Brent Serrano,6,DHL
89,Tony Ray,8,DHL
90,Alan Rose,6,DHL
91,William English,6,DPD
92,Andrew Reed,10,SF Express
93,Jessica Williams,4,GLS
94,Kimberly Krause,8,DHL
95,Dustin Martin,3,UPS
96,Jeremy Jackson,1,UPS
97,Gina Lawson,10,SF Express
98,Audrey Meza,7,Aramex
99,Sheri George,3,UPS
100,Ann Boyer,11,SF Express
101,Tina Jones,3,UPS
102,Wendy Morrison,4,DPD
103,Melissa Hernandez,5,GLS
104,Lisa Keller,11,Blue Dart
105,Carrie Sullivan,10,Yamato Transport
106,Becky Arroyo,4,UPS
107,Stephanie Simon,12,Blue Dart
108,Julie Hansen,12,J&T Express
109,Ernest Henderson,9,Aramex
110,Brandon Johnson,6,DPD
111,Rita Ross,10,J&T Express
112,Kristopher Crawford,11,DHL
113,Shane Williams,9,Aramex
114,Aaron Rose,9,DHL
115,Michael Johnson,5,DHL
116,Gary Johnson,9,Aramex
117,Dr. John Phillips PhD,9,DHL
118,Cheryl Powers,4,GLS
119,Brandon Huffman,10,Yamato Transport
120,Gary Joseph,3,UPS
121,Collin Mcdowell,12,Blue Dart
122,Chelsea Johnson,7,Aramex
123,Tara Torres,8,Aramex
124,Robert Adams,12,J&T Express
125,Brooke Watson,8,DHL
126,Michael Ferguson,8,DHL
127,Michael Russell,4,DPD
128,William Haas,12,DHL
129,William Frye,3,UPS
130,Hannah Dennis,6,FedEx
131,Natalie Henry,5,FedEx
132,Deborah Cisneros,12,DHL
133,April Dickerson,10,J&T Express
134,Connie Castillo,3,DHL
135,James Conley,8,FedEx
136,Victoria Moore,3,UPS
137,Scott Taylor,1,UPS
138,Mary Hardy,8,Aramex
139,Claudia Rodriguez,3,FedEx
140,Linda Yoder,8,Aramex
141,Erin Harrison,11,FedEx
142,Julia Cowan,7,DHL
143,Alicia Perry,11,Blue Dart
144,Tanner Martin,12,J&T Express
145,Angela Kim,11,DHL
146,Madison Smith,4,DHL
147,Kelly Davis,8,Aramex
148,Christine Green,5,UPS
149,Charles Jones,10,SF Express
150,Phyllis Smith,4,GLS
151,Taylor Torres,12,Yamato Transport
152,Jessica Larson,2,FedEx
153,Ronald Garcia,8,Aramex
154,Krista Graham,8,DHL
155,Tricia Marks,7,DHL
156,Mr. Steven Stewart,10,SF Express
157,Emma Ramos,2,UPS
158,Ariel Patel,8,FedEx
159,Brooke Valencia,4,DHL
160,James Williams,10,J&T Express
161,Kristin Moyer,4,DHL
162,Randall Jenkins,6,DHL
163,John Brady,10,J&T Express
164,Karen Mccullough,12,SF Express
165,Jenna Conner,11,SF Express
166,Terry Lowe,10,SF Express
167,Jill Anderson,10,SF Express
168,Melanie Davis,7,DHL
169,Sharon Martinez,8,DHL
170,Jessica Roberts,4,DPD
171,Karen Jackson,8,UPS
172,Thomas Perez,4,DHL
173,Travis Maldonado,2,FedEx
174,Larry Brown,2,UPS
175,Marie Carr,12,SF Express
176,Juan Smith,2,FedEx
177,Henry Gray,4,DHL
178,Diana Bass,3,FedEx
179,Andrew Hayes,2,Yamato Transport
180,Gary Ballard,6,UPS
181,Steven Bradley,8,Aramex
182,James Williams,6,DPD
183,Autumn Schroeder,2,FedEx
184,Melissa Keller,11,DHL
185,Cameron Stewart,6,DHL
186,Jacob Collier,12,J&T Express
187,Mary Smith,10,SF Express
188,Sara Turner,7,Aramex
189,Christina Miller,12,J&T Express
190,Rachael Ramirez,1,UPS
191,Caroline Decker,7,Aramex
192,Carly Sanchez,10,J&T Express
193,John Thomas,5,DHL
194,Elizabeth Bates,8,Aramex
195,Andrew Griffith,1,UPS
196,Andre Simmons,7,DHL
197,Daniel Jensen,3,DHL
198,James Luna,10,J&T Express
199,Isaac Meyer,2,UPS
200,Laura Parrish,11,SF Express
201,Jennifer Dean,6,UPS
202,Robert Walsh Jr.,2,FedEx
203,Dorothy Rodriguez,7,DHL
204,David Guerrero,6,DPD
205,Edward Nguyen,12,SF Express
206,Debra Ferguson,4,DPD
207,Mathew Zavala,6,GLS
208,Patrick Small,9,DHL
209,Donna Dixon,3,DHL
210,Steven Hernandez,3,UPS
211,Heather Stafford,6,DHL
212,Miss Brittney Robertson,11,J&T Express
213,Toni Wise,2,DHL
214,Reginald Patel,2,FedEx
215,Theresa Kerr,1,UPS
216,Julie Baker,12,DHL
217,Bianca Massey,2,Yamato Transport
218,Craig Mclaughlin,9,DHL
219,April Ruiz,9,DHL
220,Wendy Reese,1,UPS
221,Doris Olsen,1,UPS
222,Heather Wright,4,GLS
223,Travis Montes,2,DHL
224,Diana Edwards,5,UPS
225,Lawrence Foster,4,GLS
226,Ryan Obrien,4,DHL
227,Gregory Martin,5,DPD
228,Jonathan Forbes,10,J&T Express
229,Jennifer Bishop,3,FedEx
230,Kenneth Smith,6,DPD
231,Terri Norman,3,FedEx
232,Maxwell Brewer,9,DHL
233,Emily Nunez,10,SF Express
234,Michael Jennings,9,DHL
235,Jessica Williams,4,FedEx
236,Caitlin Chang,3,DHL
237,Vincent Oliver,5,DHL
238,Larry Ramsey,5,GLS
239,Teresa Silva,12,SF Express
240,Austin Glass,12,SF Express
241,Mrs. Angela Mueller,3,FedEx
242,Susan Hernandez,8,Aramex
243,Melissa Cohen,7,Aramex
244,William Bryant,11,SF Express
245,Jeffrey Smith,7,FedEx
246,Gary Serrano,4,DPD
247,Lisa Anderson PhD,1,UPS
248,Ronald Miller,8,FedEx
249,Courtney Phillips,11,SF Express
250,Jill Glass,12,J&T Express
251,James Arias,2,FedEx
252,Jenna Thornton,6,DHL
253,Megan Moore,2,UPS
254,Robert Watts,11,FedEx
255,Joshua Peterson,7,DHL
256,James Bryant,1,FedEx
257,Johnathan Wallace,7,Aramex
258,Erin Strickland,1,FedEx
259,Lisa Hughes,9,DHL
260,John Lawson,3,UPS
261,Bryan Harper,12,SF Express
262,Amanda Smith,9,Aramex
263,Jesse Floyd,1,FedEx
264,Thomas Dean,8,Aramex
265,Ms. Megan Parrish,11,SF Express
266,Susan Salinas,7,FedEx
267,Melissa Ward,10,SF Express
268,Michael Cisneros,9,Aramex
269,Joshua Young,9,DHL
270,Christopher Shannon,8,DHL
271,Danny Dickerson,8,DHL
272,Jason Nelson,4,GLS
273,Lauren Arias,6,DPD
274,Dawn Ortiz,12,DHL
275,Christopher Jordan,9,DHL
276,Nicole James,2,UPS
277,Elizabeth Mcdonald,7,UPS
278,Brian Franklin,4,DHL
279,Kimberly Patton PhD,9,DHL
280,Cindy Holland,5,DHL
281,Travis Roach,9,Aramex
282,Barbara Bell,1,FedEx
283,Patricia Kim,7,Aramex
284,Patricia Caldwell,11,SF Express
285,John Hernandez,11,SF Express
286,Debra Petersen DVM,8,FedEx
287,Daniel Stevens,2,FedEx
288,Andrew Davis,9,Aramex
289,Teresa Bailey,4,DPD
290,Richard Rosales,3,UPS
291,Cynthia King MD,3,UPS
292,Roger Myers,3,UPS
293,Michelle Rivera,5,DHL
294,Sandra Ross,11,J&T Express
295,Timothy Smith,1,FedEx
296,Pamela Hill DDS,10,Blue Dart
297,Dr. Sean Ross,5,DHL
298,Bianca Nunez,5,GLS
299,Joseph Williams,10,DHL
300,Dana Mccoy,4,UPS
301,Shannon Powell,2,FedEx
302,Theresa Baker,12,Blue Dart
303,Jennifer Solis,5,DHL
304,Raymond Kerr PhD,2,UPS
305,Michelle Robertson,12,J&T Express
306,Catherine Brown,1,UPS
307,Mr. Travis Harrington,9,FedEx
308,Michelle Banks,6,DPD
309,Mrs. Phyllis Carrillo,6,DHL
310,Paul Rivera,4,UPS
311,Teresa Jenkins,8,Aramex
312,Katherine Allison,1,UPS
313,Amanda Harmon,8,UPS
314,Debbie Potts,2,DHL
315,Rebecca Potter,1,UPS
316,Hunter Bennett,5,GLS
317,Noah Becker,1,UPS
318,Kari Carr,10,SF Express
319,Diane Gregory,1,UPS
320,Amanda Brown,9,Aramex
321,Rebecca Brady,12,DHL
322,Tina Thomas,11,Blue Dart
323,Rodney Murphy,9,Aramex
324,Joseph Tanner,10,DHL
325,Danny Stewart,1,FedEx
326,Charles Austin,2,FedEx
327,Erica Castillo,3,DHL
328,Megan Cantrell,11,J&T Express
329,Kayla Everett,5,DHL
330,Christopher Lewis,2,DHL
331,Nicole Owens,6,GLS
332,Jack Smith,10,Yamato Transport
333,Kimberly Montoya,11,J&T Express
334,Andrea Roberts,3,DHL
335,William West,11,FedEx
336,Rebecca Weiss,4,DHL
337,John Stafford,11,SF Express
338,Janet Cowan,9,Aramex
339,Phyllis Macdonald,12,SF Express
340,Lucas Jones,6,FedEx
341,Alicia Sanchez,11,Blue Dart
342,Frank Potter,12,J&T Express
343,Barbara Davenport,3,UPS
344,Jeremy Brown,2,FedEx
345,Shannon Craig,10,DHL
346,Daniel Francis,2,DHL
347,Scott Rice Jr.,5,DHL
348,Makayla Martinez,8,Aramex
349,John Gordon,9,Aramex
350,Christina Heath,9,Aramex
351,Amy Oliver,6,DPD
352,Jonathan Hughes,2,UPS
353,Justin Parrish,11,J&T Express
354,Nicholas Jacobson,10,SF Express
355,Brooke Mcmahon,5,DHL
356,John Moon,6,DHL
357,William Fowler,9,DHL
358,George Mendoza,10,Blue Dart
359,Gary Quinn,6,DHL
360,Melanie Sims,6,FedEx
361,Samantha Harris,1,UPS
362,Joshua Sampson,4,GLS
363,Cody Carlson,5,DPD
364,Gabriel Johnson,8,Aramex
365,Brittany Saunders,12,J&T Express
366,Kevin Clark,7,Aramex
367,Jeremiah Evans,11,J&T Express
368,Charles Bell,5,GLS
369,Randy Michael,6,UPS
370,Juan Jackson,11,J&T Express
371,Anthony Brown,11,SF Express
372,Laura Robinson,7,Aramex
373,Robert Levy,9,Aramex
374,Scott Russell,6,FedEx
375,Mark Rodriguez,4,DPD
376,Matthew Johnson,5,DHL
377,Matthew Carter,3,FedEx
378,Adam Rivera,7,DHL
379,Karen Moore,7,DHL
380,James Young,3,FedEx
381,Howard Chavez,10,Blue Dart
382,Levi Torres,8,DHL
383,Karen Sanchez,3,FedEx
384,Harry Sampson,1,Yamato Transport
385,Joseph Smith,1,UPS
386,Jesse Ford,4,DHL
387,Jamie Morales MD,7,UPS
388,Ryan Fuentes,10,J&T Express
389,Bethany Johnson,8,Aramex
390,Brett Mcdonald,1,UPS
391,Stephanie Johnson,9,DHL
392,Karen Medina,6,DHL
393,Denise Powell,9,Aramex
394,Chloe Sutton,1,DHL
395,Jesse Miller,11,SF Express
396,Brittney Walker,6,FedEx
397,Carol Harrison,3,Yamato Transport
398,Holly Blackwell,6,DHL
399,Steven Harris,11,SF Express
400,Jacob Deleon,2,FedEx
401,Micheal Thomas,4,DPD
402,Laura Moore,4,GLS
403,Sean Walker,8,Aramex
404,Wesley Conley,12,SF Express
405,Charles White,12,Yamato Transport
406,Alex Gilbert,8,FedEx
407,Gary Wright,8,DHL
408,Jeff Henderson,6,UPS
409,Kathryn Leon,1,FedEx
410,Michael Vega,2,FedEx
411,Luis Chen,6,UPS
412,Christopher Jackson,10,J&T Express
413,Stacey Smith,5,DHL
414,Tara Stephens,7,Aramex
415,Katrina Myers,5,DHL
416,Christopher Moore,8,Aramex
417,Kelsey Wong,5,DHL
418,Tanya Lyons,11,Blue Dart
419,Joseph Ellis,3,FedEx
420,Dustin Jimenez,6,GLS
421,Shelby Anderson,12,Yamato Transport
422,Robert Williams,7,Aramex
423,Noah Smith,12,SF Express
424,Amy Perez,12,DHL
425,Eric Phillips,6,UPS
426,Shane Wall,11,SF Express
427,Melvin Hansen,11,Blue Dart
428,Chelsea Cox,2,UPS
429,John Mitchell,10,Yamato Transport
430,Jonathan Spence,7,Aramex
431,Robin Ruiz,5,DHL
432,Richard Powell,8,UPS
433,Gregory Whitehead,10,DHL
434,Kimberly Stanley,12,DHL
435,Renee Jones,11,Yamato Transport
436,James Grant,7,Aramex
437,Lynn Johnson,1,UPS
438,Joshua Johnson,12,SF Express
439,Randy Vance,2,FedEx
440,Katelyn Garcia,10,J&T Express
441,Tracy Lee,1,DHL
442,Deborah Richardson,7,DHL
443,Patrick Warren,10,DHL
444,Mr. Russell Rodriguez,9,FedEx
445,Shelley Baker,10,SF Express
446,John Rodriguez,12,J&T Express
447,Ryan Cooper,4,DPD
448,Mark Ramirez,9,DHL
449,Mary Sweeney,9,UPS
450,Katherine Miller,9,Aramex
451,Terri Lewis,5,DHL
452,John Smith,5,DPD
453,James Phillips,2,Yamato Transport
454,John Wright,5,DHL
455,Krystal Ramirez,1,UPS
456,Kimberly Bryant,10,SF Express
457,Katherine Sims,7,DHL
458,Denise Porter,9,Aramex
459,April Lambert,4,FedEx
460,Christopher Price,3,UPS
461,Beth Mata,7,UPS
462,Joseph Dixon,9,Aramex
463,Tanya Welch,4,DHL
464,James Wallace,11,SF Express
465,Kristie Hood,11,J&T Express
466,James Martin,3,FedEx
467,Jonathan Lopez,6,UPS
468,Nicholas Ray,2,Yamato Transport
469,Patrick Powers,2,FedEx
470,Jacqueline Garcia,3,UPS
471,Victoria Cordova,11,SF Express
472,Curtis Lewis,12,J&T Express
473,Beth Bentley,11,J&T Express
474,Harry Williams,11,SF Express
475,Nichole Reed,1,FedEx
476,Jeanette Morris,9,DHL
477,Andrea Wallace,1,UPS
478,Anthony Shea,8,DHL
479,Margaret Brown,11,Blue Dart
480,Ashley Beasley,5,GLS
481,Susan Acevedo,12,J&T Express
482,Keith Austin MD,8,Aramex
483,Ethan Maldonado,2,UPS
484,Stephen Friedman,3,UPS
485,Sheryl Burton,3,FedEx
486,Heidi Holmes,12,DHL
487,Mackenzie Fuentes,4,DPD
488,Ronald Brown,10,DHL
489,Justin Stone,7,DHL
490,Kathryn Hart,4,DPD
491,Isaac Boyd,12,FedEx
492,Wendy Stewart,11,SF Express
493,Richard Smith,4,DPD
494,Thomas Harris,11,DHL
495,Joshua Robinson,4,FedEx
496,Raymond Martin,11,Blue Dart
497,Scott Hansen,8,Aramex
498,Jeffery Mejia,3,UPS
499,Christopher Hunt,10,DHL
500,Jacqueline Perez,3,UPS
501,Shawn Matthews,7,Aramex
502,Jeffrey Clark,8,FedEx
503,Veronica Brown,3,UPS
504,Joseph Davis,6,DPD
505,Derrick Green,2,UPS
506,Mr. Anthony Rivera PhD,9,DHL
507,Emily Moore,3,UPS
508,Joshua Ayala,8,Aramex
509,Alexis Richards,8,FedEx
510,Joseph Moore,4,DHL
511,Jacqueline Cardenas,9,DHL
512,Ryan Cardenas,10,SF Express
513,Erica May,4,GLS
514,Amber Jackson,11,Blue Dart
515,Catherine Schultz,1,FedEx
516,Lori Gibson,11,J&T Express
517,Tina Parks,9,Aramex
518,Jason Taylor,8,Aramex
519,Erin Murphy,11,J&T Express
520,Adam Jones,7,DHL
521,Eileen Reed,4,FedEx
522,Vanessa May,12,SF Express
523,Jason Gonzalez,10,J&T Express
524,Lawrence Moreno,9,Aramex
525,Heidi Stone,11,SF Express
526,Tracy Lopez,10,Blue Dart
527,Kyle Castillo,8,Aramex
528,Nicholas Kelly,1,UPS
529,Brittany David,10,Yamato Transport
530,Christopher Cooper,9,Aramex
531,Alexandra Morris,5,FedEx
532,Cynthia Parker,10,DHL
533,Jeremy Martinez,3,FedEx
534,Gregory Medina,1,UPS
535,Stanley Holmes,7,Aramex
536,Anthony Myers,5,DHL
537,Cheyenne Powell,9,Aramex
538,Andrea Shelton,12,Blue Dart
539,Danielle Thomas,8,Aramex
540,David Williams,2,FedEx
541,Kimberly Melton,10,Yamato Transport
542,Roger Cooper,1,UPS
543,David Lee,2,DHL
544,Todd Stuart,10,DHL
545,Charles Moody,12,DHL
546,Heather Bailey,12,J&T Express
547,Sarah Hill,6,DHL
548,Kayla Jones,4,UPS
549,Jessica Campbell,7,Aramex
550,Kelsey Pitts,1,FedEx
551,Justin Lowe,12,J&T Express
552,Jessica Smith,11,J&T Express
553,Laura Campbell,5,DHL
554,Caitlin Terrell,3,DHL
555,Kayla Velazquez,3,UPS
556,Kenneth Preston,2,UPS
557,Angela Hernandez,9,DHL
558,James Lee,9,Aramex
559,Daniel Douglas,12,J&T Express
560,Rebecca Morrow,4,DPD
561,Sandy Rowe,3,DHL
562,Lauren Allen,5,DPD
563,Andrew Snyder,1,FedEx
564,Jon Joseph,11,J&T Express
565,Christopher Martinez,9,DHL
566,Brandon Smith,2,UPS
567,Alejandro Bowen,9,DHL
568,Laura George,2,UPS
569,Jeffrey Simpson,4,GLS
570,Mary Shepherd,8,DHL
571,Stephanie Wilson,8,Aramex
572,Lauren Cobb,1,Yamato Transport
573,Roberto Smith,12,SF Express
574,Chad Rivera,5,DPD
575,Bryan Jackson,11,SF Express
576,Jennifer Hull,8,Aramex
577,William Oliver,11,J&T Express
578,Tyler Hernandez MD,6,DHL
579,Ashley Gray,3,FedEx
580,Cheryl Thomas,9,Aramex
581,Melissa Sellers,12,DHL
582,Christopher Simpson,7,DHL
583,William Walters,2,FedEx
584,Jennifer Wilson,7,DHL
585,Amy Benson,4,DHL
586,Nathaniel Shields,12,Yamato Transport
587,Christine Pittman,9,DHL
588,Meagan Small,3,DHL
589,Isabel Flores,1,FedEx
590,Samuel Allen,8,Aramex
591,Alyssa Reed,7,Aramex
592,Patricia Montgomery,11,Blue Dart
593,Kristin Franklin,6,DPD
594,Michael Jacobs,11,Blue Dart
595,Michele Moore,1,DHL
596,Dr. Mary Santos,6,DPD
597,Jaime Holland,11,SF Express
598,Henry Olson,10,Yamato Transport
599,Joseph Johnson,4,DPD
600,Daniel Hughes,4,DPD
601,Aaron Snyder,10,DHL
602,Lindsey Norman,1,UPS
603,Matthew Jenkins,11,J&T Express
604,Barbara Stone,1,FedEx
605,Brandon Sharp,7,Aramex
606,Benjamin Brooks,12,SF Express
607,Dennis White,5,UPS
608,Ethan Love,2,FedEx
609,Glenn Edwards,3,FedEx
610,Amber Green,2,FedEx
611,Cheryl Joseph,12,Blue Dart
612,Michael Mann,1,FedEx
613,Stacy James,10,SF Express
614,Dylan Taylor,9,Aramex
615,Samuel Cox,2,UPS
616,Travis Evans,4,DHL
617,Richard Smith,11,Blue Dart
618,Crystal Davis,6,DPD
619,Erica Martin,5,UPS
620,Madison Joyce,11,Blue Dart
621,Patricia Conner,8,Aramex
622,Tracy Taylor,5,FedEx
623,Jennifer Guzman,8,Aramex
624,Richard Oliver,6,DPD
625,Ashley Wilson,1,UPS
626,Samantha Stewart,1,FedEx
627,Daniel Thomas,10,J&T Express
628,Christina Fletcher,11,DHL
629,Donald Logan,10,SF Express
630,Jenna Garcia,6,GLS
631,Roy Simmons,3,FedEx
632,Martin Johnson,11,Blue Dart
633,Natalie Kramer,6,GLS
634,Debbie Floyd,12,Yamato Transport
635,Allison Bruce,3,FedEx
636,Robin Miller,6,GLS
637,Dylan Foster,9,UPS
638,Terri Smith DVM,9,Aramex
639,John Medina,6,UPS
640,Claudia Villa,12,SF Express
641,Sally Lowe,8,Aramex
642,Dawn Jackson,6,FedEx
643,Jessica Lyons,11,J&T Express
644,Karla Burns,11,SF Express
645,David Schmidt,12,DHL
646,Brett Price,2,UPS
647,William Johnson,9,Aramex
648,Kristopher Hurst,9,Aramex
649,Gina Woods,10,SF Express
650,Steven Barnett,9,Aramex
651,Mark Griffin,3,UPS
652,Joseph Greer,9,Aramex
653,Veronica Mendez,11,SF Express
654,Latoya Brown,7,Aramex
655,James Cardenas,1,UPS
656,Shannon Lee,2,FedEx
657,Shane Miller,7,Aramex
658,Dustin Glass,1,UPS
659,Dan Ball,1,FedEx
660,Denise Hensley,11,J&T Express
661,Donna King,6,GLS
662,Kenneth Hayes,12,SF Express
663,Brent Ortega,11,J&T Express
664,Heather Barron,6,DHL
665,Sarah Beck,1,FedEx
666,Christopher Gray,11,FedEx
667,Stephen Phillips,10,DHL
668,Regina Hughes,11,Blue Dart
669,Joel Bell,5,DHL
670,Alexander James,10,DHL
671,Michael Arias,9,DHL
672,Steven Boyd,12,Blue Dart
673,Katrina Williams,6,DPD
674,Tanya Snyder,6,FedEx
675,Jennifer Jackson,9,Aramex
676,Madison Christian,4,FedEx
677,Ryan Young,5,UPS
678,Misty Barrera,9,DHL
679,Elizabeth Arias,7,Aramex
680,Joshua Mosley,5,DPD
681,Traci Figueroa,5,DHL
682,Tracy Harper,8,FedEx
683,Amber May,6,FedEx
684,Todd Griffin,9,DHL
685,Kenneth Rodriguez,1,UPS
686,James Byrd,9,Aramex
687,Alexandra Conley,9,DHL
688,Jason Butler,8,DHL
689,Robert Anderson,6,DHL
690,Angela Vargas,6,DHL
691,Michelle Zamora,3,UPS
692,Erika Wilson,2,FedEx
693,Arthur Smith,1,FedEx
694,John Stewart,3,FedEx
695,Sabrina Barnes,6,GLS
696,Carol Ellis,9,Aramex
697,Christian Carlson,2,FedEx
698,Bridget Tucker,6,DPD
699,Dustin Davis,9,Aramex
700,Patrick Alexander,2,UPS
701,Brittany Smith,3,FedEx
702,Carolyn Hinton,12,Blue Dart
703,Tiffany Jones,7,FedEx
704,Christine Wilcox,6,GLS
705,Jeffrey Patton,6,DHL
706,Laura Cisneros,10,Blue Dart
707,Mr. Michael Washington,11,SF Express
708,Thomas Fernandez,5,FedEx
709,Kayla Perez,9,FedEx
710,Antonio Fernandez,8,Aramex
711,Kevin Hanson,5,GLS
712,Rebecca Ortiz,5,DPD
713,Joshua Frost,3,FedEx
714,Elizabeth Hinton,5,FedEx
715,David Thomas,6,DHL
716,Mrs. Elizabeth Smith,3,UPS
717,Abigail Velez,11,J&T Express
718,Gabriel Patton,11,DHL
719,Andrew Williams,5,DHL
720,Bradley Henson,1,DHL
721,Sherry Wright,2,UPS
722,Christian Gutierrez,5,GLS
723,Carl Ortiz,12,J&T Express
724,Stanley Pierce,9,Aramex
725,Andrew Scott,7,Aramex
726,Gregory Freeman,3,UPS
727,Tammy Leonard,3,UPS
728,Jeremiah Mccoy,5,DHL
729,Terry Hansen,8,Aramex
730,Laura Craig,7,Aramex
731,William Lewis,1,DHL
732,Richard Phillips,11,SF Express
733,Cody Cortez,6,FedEx
734,Kelly Gonzalez,10,FedEx
735,Robert Burke,6,GLS
736,Christopher Merritt Jr.,5,FedEx
737,Clinton Holt,11,SF Express
738,Mr. Rodney Wood,4,FedEx
739,Matthew Tran,10,SF Express
740,Scott Martin,11,Yamato Transport
741,Adam Morgan,2,UPS
742,Kyle Vega,9,Aramex
743,Mary Price,3,UPS
744,Natasha Parrish,2,FedEx
745,Luis Kirk,4,DHL
746,Joshua Smith,1,FedEx
747,Patrick Young,5,DHL
748,Jonathon Patton,7,Aramex
749,Christian Mitchell,5,DHL
750,Lisa Arnold,6,DHL
751,Melissa Sellers,11,Blue Dart
752,Lawrence Potts,2,UPS
753,Anthony Burns,8,DHL
754,Dr. Briana Butler MD,3,FedEx
755,Scott Chase,3,FedEx
756,Wendy Perry,8,Aramex
757,Steve Ramos,4,GLS
758,Spencer Sexton,1,Yamato Transport
759,Emily Adams,1,FedEx
760,Tanya Diaz,7,Aramex
761,Thomas Carr,5,DHL
762,Joseph Clay,5,DHL
763,Ralph Leonard,2,FedEx
764,Judy Armstrong,10,SF Express
765,Lauren Figueroa MD,11,Blue Dart
766,Rachel Carney,7,Aramex
767,Amy Malone,9,Aramex
768,Daniel Johnson,7,Aramex
769,Susan Walls,8,DHL
770,Jose Arnold,2,FedEx
771,Matthew Hansen,8,Aramex
772,Samantha Lewis,6,DHL
773,Katherine Nguyen,9,Aramex
774,Lawrence Nelson,1,UPS
775,Loretta Bryant,2,Yamato Transport
776,Chris Vazquez,10,DHL
777,Melissa Morgan,6,DHL
778,Chase Velasquez,2,UPS
779,David Smith,4,FedEx
780,Phillip Moreno,2,Yamato Transport
781,Michael Morrow,6,GLS
782,Marissa Mclaughlin,1,UPS
783,Alexis Brooks,4,FedEx
784,Stephanie Owens,3,UPS
785,John Hayden,6,DHL
786,Jennifer Curry,8,FedEx
787,Adam Dixon,4,GLS
788,Danielle Stevenson,2,FedEx
789,Charles Carson,6,DHL
790,Karen Snyder,4,DPD
791,Katie Davis,11,J&T Express
792,Tyler Black,5,DPD
793,Jennifer Doyle,2,FedEx
794,Megan Conner,11,SF Express
795,Doris Maddox,1,FedEx
796,Catherine Jacobs,10,SF Express
797,Rebecca Petersen,3,UPS
798,Amy Fox,12,Blue Dart
799,Aaron Lambert,10,Yamato Transport
800,Michael Ramsey,9,DHL
801,David Gonzalez MD,12,SF Express
802,Kelly Swanson,9,UPS
803,Jimmy Thompson,10,J&T Express
804,Bernard Wagner,3,UPS
805,Elizabeth Burton,9,Aramex
806,John Mccarthy,8,FedEx
807,Michael Velez,8,Aramex
808,Karen Cook,2,UPS
809,Kristen Hoover,11,J&T Express
810,Darlene Murray,1,FedEx
811,Alexander Camacho,8,Aramex
812,Valerie Martinez,10,J&T Express
813,David Wood,7,DHL
814,Toni Valentine,1,FedEx
815,Cindy Wilson,6,DHL
816,John Cruz,9,DHL
817,Kelly Williams,3,UPS
818,Michele Bean,11,Blue Dart
819,Christina Doyle,3,UPS
820,Mr. James Ryan Jr.,6,FedEx
821,Nicholas Craig,10,SF Express
822,Katherine Torres,12,J&T Express
823,Jim Henry,12,J&T Express
824,Melinda Pearson,12,SF Express
825,Michael Bryant,6,DHL
826,Jason May,11,J&T Express
827,Amy Maldonado,12,SF Express
828,Christopher Vargas,8,FedEx
829,Susan Delgado,1,UPS
830,Danielle Fuller,1,Yamato Transport
831,James Lopez,3,FedEx
832,Mrs. Meghan Pratt,10,FedEx
833,Joe Gutierrez,3,UPS
834,Emily Henry,2,Yamato Transport
835,Madison Singleton,2,UPS
836,Cindy Fisher,9,FedEx
837,Monica Rogers,3,FedEx
838,Jeffrey Dougherty,10,J&T Express
839,Cheryl Patterson,9,Aramex
840,Anna Zimmerman,11,J&T Express
841,Jill Wilson,5,DHL
842,Rebecca Manning,10,Blue Dart
843,Miss Erin Harding,10,J&T Express
844,Brian Hunter,8,Aramex
845,Dana Lopez,10,SF Express
846,Joshua Thornton,1,UPS
847,Heather Flores,5,GLS
848,Beth Wells,6,GLS
849,Wendy Campbell,12,SF Express
850,James Lyons,6,UPS
851,Jerry Roberts,6,GLS
852,Nicole Wang,3,FedEx
853,Sharon Diaz,6,GLS
854,Aaron Holmes,5,DPD
855,Timothy Andrews,12,Yamato Transport
856,Shannon Berry,2,FedEx
857,Renee Coleman,8,Aramex
858,Amanda Wallace,6,DHL
859,Donald Moore,10,SF Express
860,Daniel Dennis,5,GLS
861,Erin Rios,3,Yamato Transport
862,Hannah Barber,9,Aramex
863,Mr. Travis Hill,6,GLS
864,Pamela Russell,3,FedEx
865,Curtis Gibson,6,GLS
866,Derek Murphy,1,Yamato Transport
867,Kevin Chambers,11,J&T Express
868,Scott Gibson,6,FedEx
869,Kevin Williams,1,FedEx
870,Clinton Parsons,6,UPS
871,Bernard Harris,12,Yamato Transport
872,Courtney Zuniga,7,DHL
873,Sarah Todd,9,Aramex
874,Amy Garza,8,FedEx
875,Kristy Scott,12,SF Express
876,Ashley Henry,2,DHL
877,Brandon Adams Jr.,2,UPS
878,Bruce Padilla,6,FedEx
879,Bianca Keller,6,DPD
880,Adam Moore,6,DHL
881,Amy Nguyen,12,J&T Express
882,Christopher Hall,1,UPS
883,Samuel Walters,3,UPS
884,Gina Young,8,Aramex
885,Michael Carr,1,DHL
886,Mrs. Erica Miller DVM,6,DPD
887,Nathan Lee,5,DHL
888,Denise King,11,DHL
889,Roberto Sanchez,5,DPD
890,Elizabeth Jones MD,7,Aramex
891,Shawn Drake,7,DHL
892,Tara Fields,1,UPS
893,Micheal Brewer,2,FedEx
894,Lindsey Gonzales,12,SF Express
895,Olivia Brown,2,UPS
896,William Martin,12,Blue Dart
897,Cory Perez,2,UPS
898,Laura Duke,2,Yamato Transport
899,Brian Lopez,6,DHL
900,Jo Gomez,12,SF Express
901,Sarah Glass,7,Aramex
902,James Hall,2,UPS
903,Nicole Roberts,4,DHL
904,Robert Allen,10,DHL
905,Patricia Watkins,9,DHL
906,Keith Williams,11,J&T Express
907,Howard Hill,12,Blue Dart
908,Matthew Campbell,1,FedEx
909,Peter Perez,5,FedEx
910,Brian Butler,4,DHL
911,Nicholas Warren,11,DHL
912,Joshua Yang,3,DHL
913,Theresa Brown,5,DHL
914,Laura Olson,5,FedEx
915,Kelly Ramos,9,FedEx
916,Sherri Johnson,7,DHL
917,Anthony Holland,10,Yamato Transport
918,Kenneth Stanley,9,FedEx
919,Cynthia Bell,12,Blue Dart
920,Lauren Love,12,SF Express
921,Joseph Paul,5,UPS
922,Michelle Winters,5,FedEx
923,Amanda Norman,9,Aramex
924,Betty Kelly,6,DHL
925,Courtney Crawford,9,Aramex
926,Kevin Carr,10,Blue Dart
927,Ricky Brown,6,DHL
928,Stephanie Williams,12,J&T Express
929,Ryan Bauer,5,DHL
930,James Rich,6,DPD
931,David Lane,2,UPS
932,James Lowery,10,Blue Dart
933,Emily Roberson,11,SF Express
934,Dr. Cindy Thompson DVM,4,DPD
935,Thomas Green,8,DHL
936,Joshua Sanchez,10,Yamato Transport
937,Melissa Miller,11,SF Express
938,Melanie Myers,10,J&T Express
939,Michael Dixon,4,GLS
940,Jason Peterson,10,SF Express
941,Doris Key,3,DHL
942,Matthew Prince,1,UPS
943,Sherry Fowler,8,DHL
944,Kenneth Castro,7,UPS
945,Barry Crawford,10,SF Express
946,Kayla Hunter,1,FedEx
947,Derek Terrell,10,DHL
948,Wendy Luna,7,UPS
949,Christopher Collins,2,FedEx
950,Shannon Hunt,11,DHL
951,Billy Trujillo,4,DPD
952,George Ward,6,DHL
953,Laura Espinoza,5,DHL
954,Samantha Gomez,5,DHL
955,Nancy Evans,11,DHL
956,Raymond Williamson,5,DHL
957,Brian Fuentes,3,FedEx
958,Nicole Hutchinson,5,GLS
959,Lawrence Lopez,6,DHL
960,Christopher Diaz,3,FedEx
961,Willie Davis,5,DHL
962,Valerie Johnson,9,Aramex
963,Juan Smith,8,UPS
964,Sheryl Wyatt,6,GLS
965,Mr. Joshua Bolton,6,DPD
966,Rebecca Vega,8,Aramex
967,Kim West,10,SF Express
968,Samuel Leonard,1,UPS
969,Amber Lopez,12,DHL
970,Alexandria Baker,12,SF Express
971,Michael Turner,4,DHL
972,Brandon Levy,6,DHL
973,Ashley Gray,4,DPD
974,Christopher Bryan,12,Blue Dart
975,Mrs. Vanessa Green,7,DHL
976,Tiffany Hancock,1,UPS
977,Timothy Schmidt,1,Yamato Transport
978,Jennifer Joseph,10,Yamato Transport
979,Annette Benson,9,Aramex
980,Brandon Wood,11,FedEx
981,Travis Gonzalez,6,FedEx
982,Nicole Miller,8,Aramex
983,Larry Luna,9,Aramex
984,Brian Brown,11,SF Express
985,Donald Parrish III,11,J&T Express
986,Lori Buck,8,DHL
987,Kari Wilson,7,Aramex
988,Joan Alexander,8,Aramex
989,Norma Holmes,5,DPD
990,Patrick Hughes,9,FedEx
991,Travis Hall,8,Aramex
992,Crystal Brandt,12,DHL
993,Abigail Fisher,4,GLS
994,Anne Thompson,11,J&T Express
995,Stephen Nicholson,4,DHL
996,Michael Cunningham,9,DHL
997,Victoria Lewis,12,Blue Dart
998,Denise Baker,1,FedEx
999,Adam Fowler,9,Aramex
1000,Ashley Payne,4,DPD
1001,Brittany Robinson,1,Yamato Transport
1002,Sylvia Olson,10,DHL
1003,Nicole Jackson,5,FedEx
1004,Andrew Perez,10,SF Express
1005,Christopher Rodriguez,5,FedEx
1006,Maria Armstrong,3,UPS
1007,Nathan Holmes,6,DPD
1008,Holly Williams,9,DHL
1009,Michael Mills,9,DHL
1010,Brian Olsen,6,DHL
1011,Christopher Garcia,5,GLS
1012,Stacy Booker,4,GLS
1013,Edward Cain,7,DHL
1014,Robert Giles,3,UPS
1015,Amy Torres,11,Blue Dart
1016,George Frye,12,SF Express
1017,Sarah Golden,12,Yamato Transport
1018,Brandi James,3,FedEx
1019,Carol Evans,7,DHL
1020,John Villa,3,UPS
1021,Brenda Taylor,11,DHL
1022,Roger Rasmussen,12,SF Express
1023,Courtney Berry,12,SF Express
1024,Miranda Villanueva,10,Blue Dart
1025,Walter Mills,8,UPS
1026,Robert Salas,3,UPS
1027,Eric Trevino,12,Blue Dart
1028,James Travis,5,GLS
1029,Lee Johnson,6,DHL
1030,Brian Colon,2,FedEx
1031,Mr. Eric Rivers,1,FedEx
1032,Cheryl Roberts,1,DHL
1033,Erica Thomas,12,DHL
1034,Eric Wheeler,4,DPD
1035,Clarence Jones,4,DHL
1036,Elizabeth Camacho,9,DHL
1037,Bruce Morris,2,FedEx
1038,Amber Gay,9,Aramex
1039,Justin Lopez,11,J&T Express
1040,Savannah Woods,7,DHL
1041,Patricia Morgan,5,GLS
1042,Pamela Cohen,2,UPS
1043,Richard Rios,1,UPS
1044,Linda Calhoun,8,Aramex
1045,Jillian Higgins,4,DHL
1046,Alexander Sutton,5,DHL
1047,Elizabeth Nelson,7,DHL
1048,Tracy Brown,1,UPS
1049,Kim Barnes,3,FedEx
1050,Charles Fowler,9,DHL
1051,Lauren Rice,9,DHL
1052,Jennifer Savage,5,DHL
1053,Sean Kennedy,8,Aramex
1054,Jonathan Hahn,2,UPS
1055,Cassandra Wilkins,12,FedEx
1056,Joe Murphy,5,GLS
1057,Kellie Morse,3,UPS
1058,Patricia Leblanc,12,Yamato Transport
1059,Robert Barr,9,Aramex
1060,Krystal Brooks,9,Aramex
1061,Brandy Woodard,9,FedEx
1062,Ronald Butler,10,DHL
1063,Jeffery Griffin,5,DPD
1064,Lisa Long,11,J&T Express
1065,Stephanie Golden,5,DHL
1066,Angel Hernandez,12,DHL
1067,Dawn Mcdonald,5,DPD
1068,Sean Evans,4,GLS
1069,Mrs. Beverly Smith,2,DHL
1070,Daniel Waller,11,Blue Dart
1071,Kathleen Baker,7,Aramex
1072,Amanda Murray,10,DHL
1073,Christopher Moyer,4,UPS
1074,Latasha Terry,4,GLS
1075,Suzanne Orozco,4,DHL
1076,Elizabeth Lucas,9,Aramex
1077,Heather Powell,2,UPS
1078,Gina Glenn,8,Aramex
1079,Sherry Brooks,5,DHL
1080,Kevin Henderson,6,DHL
1081,Mary Baker,3,FedEx
1082,Anthony Hanson,7,Aramex
1083,Mary Torres,12,Blue Dart
1084,Jerry Hickman,4,FedEx
1085,Kimberly Ibarra,8,DHL
1086,Richard Carlson,3,UPS
1087,Stephen Freeman,3,FedEx
1088,Eric Brown,1,UPS
1089,Lisa Green,6,DHL
1090,Adrienne Rodriguez,10,Yamato Transport
1091,James Hammond,4,GLS
1092,Hannah Bennett,3,FedEx
1093,Hannah Smith,9,Aramex
1094,Richard Castaneda,9,FedEx
1095,Keith Potter,2,UPS
1096,Krystal Wallace,9,DHL
1097,Matthew Ward,3,FedEx
1098,Lance Olson,1,FedEx
1099,Christopher Woods,11,SF Express
1100,Rachel Watson,6,DPD
1101,Kelli Moses,12,Yamato Transport
1102,Billy Jones,6,GLS
1103,Preston Peterson,11,Blue Dart
1104,Kenneth Quinn,12,J&T Express
1105,Kimberly Delacruz,1,FedEx
1106,David Garcia,8,DHL
1107,James Henderson,8,DHL
1108,Helen Bridges,8,DHL
1109,Cody Gutierrez,6,GLS
1110,Renee Lin,6,DHL
1111,Christopher Flores,9,DHL
1112,Patrick Gardner,10,DHL
1113,Melvin Haney,7,DHL
1114,Ashley Johnston,9,DHL
1115,Misty White,4,GLS
1116,Philip Mckee,5,DHL
1117,Suzanne Stokes,10,SF Express
1118,Rodney Kelly,9,Aramex
1119,Edwin Schwartz,9,Aramex
1120,Christian Carter,3,FedEx
1121,Sean Nash,1,UPS
1122,Susan Romero,6,DHL
1123,Natasha Downs,6,DHL
1124,Justin Leon DDS,3,UPS
1125,Melvin Rojas,5,FedEx
1126,Joshua Tyler,8,Aramex
1127,Catherine Kidd,2,FedEx
1128,Keith Andersen,4,DPD
1129,Timothy Mendez,5,DPD
1130,Casey Perry,3,FedEx
1131,Erin Lawrence,8,DHL
1132,Joseph Wilson,2,Yamato Transport
1133,Paul Moore,8,Aramex
1134,Dylan Franco,12,DHL
1135,Aaron Hoffman,7,Aramex
1136,Kimberly White,4,DHL
1137,Felicia Velez,11,SF Express
1138,Barbara Thomas,10,DHL
1139,Joshua Burnett,10,FedEx
1140,Kimberly Wallace,6,DHL
1141,Sarah Alexander,6,DHL
1142,Judy Case,5,GLS
1143,Nicole Young,6,GLS
1144,Angel Torres,12,SF Express
1145,Leon Phillips,8,DHL
1146,Caitlin Chavez MD,6,GLS
1147,Allen Richardson,3,FedEx
1148,Erin Hall,10,Blue Dart
1149,Kyle Pugh,12,SF Express
1150,Jessica Tran,5,GLS
1151,Brittney Ross,1,FedEx
1152,Lisa Frederick,9,Aramex
1153,Scott Woods,5,UPS
1154,Stefanie Rogers,8,DHL
1155,Kevin Garcia,11,Blue Dart
1156,Danielle Brown,10,DHL
1157,Nicholas Dunn,5,DPD
1158,Morgan Campbell,4,UPS
1159,Rebecca Bender,4,DPD
1160,Katie Tucker,6,DHL
1161,Keith Evans,7,Aramex
1162,Teresa Smith,2,UPS
1163,Todd Cervantes,12,Blue Dart
1164,Sandra Christensen,6,DPD
1165,Sheila Randall,9,Aramex
1166,Bradley Benton,12,SF Express
1167,Shawn Adams,1,FedEx
1168,Eric Reeves,1,FedEx
1169,John Gutierrez,2,FedEx
1170,Kristin Jefferson,5,DPD
1171,Victoria George,4,DHL
1172,Nicole Simpson,6,DHL
1173,Hannah Santiago,1,DHL
1174,Sara Riley,10,SF Express
1175,Jacob Edwards,9,DHL
1176,Thomas Mora,4,DHL
1177,Renee Torres,8,FedEx
1178,Leslie Wilson,9,DHL
1179,Joel Bradley,12,Blue Dart
1180,Christopher Oconnor,2,UPS
1181,Misty Acosta,12,J&T Express
1182,Christian Lee,10,SF Express
1183,Crystal Hernandez,12,J&T Express
1184,Deanna Sanchez,12,Yamato Transport
1185,Casey Friedman,3,FedEx
1186,Jennifer Rich,5,GLS
1187,Linda Pierce,10,SF Express
1188,Michael Norman,2,FedEx
1189,Thomas Bolton,7,DHL
1190,Christopher Paul,7,Aramex
1191,Deborah Davis,5,GLS
1192,Ricardo Silva,6,GLS
1193,Elizabeth Walker,10,FedEx
1194,Briana Tucker,5,DHL
1195,Christina Miller,6,DPD
1196,Jay Payne,1,UPS
1197,Michele Robles,7,UPS
1198,Morgan Wright,10,Blue Dart
1199,Kelly Russell,12,Yamato Transport
1200,Thomas Joyce,11,SF Express
1201,John Johnson,3,DHL
1202,Brittany Smith,6,GLS
1203,Mrs. Mary Garrett,12,FedEx
1204,Brittany Allen,7,DHL
1205,Jason Wilkins,2,UPS
1206,Samuel Carroll,2,FedEx
1207,Brandon Mayer,4,DHL
1208,Guy Hayes,4,DPD
1209,Lori Larson,9,DHL
1210,Joseph Brown,9,DHL
1211,Lindsay Wood,5,DHL
1212,Brandon Jones,1,DHL
1213,Molly Roberson,5,FedEx
1214,Wyatt Washington,5,DHL
1215,Morgan Martinez,5,DPD
1216,Rhonda Page,3,UPS
1217,Brandon Maldonado,5,UPS
1218,Stephanie Martin,2,UPS
1219,Susan Clay,3,FedEx
1220,Patrick Jones,7,UPS
1221,Mark Harding,6,DHL
1222,John Smith,1,DHL
1223,Renee Flores,12,FedEx
1224,Jason Wright,7,Aramex
1225,Sandra Wade,11,DHL
1226,Kathryn Garza,7,DHL
1227,Rhonda Gordon,7,FedEx
1228,Jonathan Taylor,10,SF Express
1229,Sarah Hawkins,7,Aramex
1230,Michelle Cantu,7,FedEx
1231,Christopher Wood,12,J&T Express
1232,Peter Atkins,8,Aramex
1233,James Robinson,4,DHL
1234,Keith Moss,4,DHL
1235,Jordan Hurst,1,FedEx
1236,Pamela Kim,9,Aramex
1237,Jonathan Cunningham,3,UPS
1238,Ryan Davis,4,DHL
1239,Jesus Gamble,6,DHL
1240,Jennifer Jones,1,UPS
1241,Colleen Dyer,8,Aramex
1242,Patrick Dominguez,9,Aramex
1243,Ronald Camacho,10,SF Express
1244,Deanna Bartlett,10,Blue Dart
1245,Jose Clark,11,J&T Express
1246,Stephen Powers,3,Yamato Transport
1247,Anna Horne,1,FedEx
1248,Deanna Rose,9,DHL
1249,Mrs. Lori Hammond,1,UPS
1250,Steven Rosario,2,UPS
1251,Kelsey Lawson,2,UPS
1252,Lindsey Knight MD,6,DPD
1253,Corey White,9,Aramex
1254,Jennifer Williams,9,FedEx
1255,Mary Parker,10,SF Express
1256,Miss Jamie Flynn,5,DPD
1257,Kenneth French,5,DPD
1258,Cory Sweeney,7,FedEx
1259,David Bautista,3,FedEx
1260,Erik Rodriguez,6,UPS
1261,Joshua Johnson,11,SF Express
1262,Danielle Barber,2,FedEx
1263,Brooke Johnson,9,Aramex
1264,Neil Martin,5,GLS
1265,Crystal Johnson,3,DHL
1266,Destiny Gilbert,3,FedEx
1267,Ashlee Berry,3,Yamato Transport
1268,Kimberly Smith,3,UPS
1269,Amber Costa,7,Aramex
1270,Thomas Bradford,2,FedEx
1271,Tonya Gutierrez,1,FedEx
1272,Cameron Turner,5,DPD
1273,Pamela Martin,9,Aramex
1274,Kimberly Schneider,5,DPD
1275,Jill Combs,10,Yamato Transport
1276,Heidi Williams,3,FedEx
1277,Lori Williams,9,Aramex
1278,Shannon Sherman,12,SF Express
1279,Alexander Lewis,2,UPS
1280,Christopher Robinson,5,DPD
1281,April Patterson,7,FedEx
1282,Sarah Williamson,4,DHL
1283,Ruth Cruz,1,DHL
1284,Mary Smith,1,FedEx
1285,Brianna Coleman,8,DHL
1286,Jennifer Herrera,6,DHL
1287,Bruce Flynn,4,GLS
1288,James Allen,7,Aramex
1289,Charles Williamson,5,DHL
1290,Tammy Gordon,7,Aramex
1291,Brandi Reed,4,FedEx
1292,Christopher Edwards,12,SF Express
1293,Theodore Reyes,10,Blue Dart
1294,Brenda Fernandez,7,DHL
1295,Riley Boyer,3,UPS
1296,Brittany Wood,9,DHL
1297,Megan Malone,2,FedEx
1298,Karla Hicks,1,FedEx
1299,Gregg Mcdonald,1,Yamato Transport
1300,Derek Burgess,7,Aramex
1301,Jason Rogers,7,Aramex
1302,Michael Austin,5,DHL
1303,Adrienne Carrillo,2,UPS
1304,Alexander Barker,4,DHL
1305,Nicole Carrillo,10,SF Express
1306,Taylor Reilly,10,DHL
1307,Kenneth Knox,1,FedEx
1308,Dr. Mckenzie Rhodes DDS,7,Aramex
1309,Daniel Rodgers,7,Aramex
1310,Kelly Sanchez,8,FedEx
1311,Sarah Gibson,3,FedEx
1312,Richard Higgins,7,Aramex
1313,Jeffrey Anderson,12,DHL
1314,Sarah Sanchez,8,UPS
1315,Jeffrey Bradshaw,4,DHL
1316,Jessica Williams,11,J&T Express
1317,Lindsey Meyer,1,FedEx
1318,Erin Robinson,7,Aramex
1319,Sandy Parrish,6,DPD
1320,Misty Ruiz,2,FedEx
1321,James Mitchell MD,6,DHL
1322,Connor Patel,10,Yamato Transport
1323,Alexis Freeman,3,FedEx
1324,Lauren Washington,5,DPD
1325,Joshua Barton,8,Aramex
1326,Susan Stokes,2,UPS
1327,Yvette Wood,5,UPS
1328,Donald Sullivan,7,FedEx
1329,Cody Rojas,3,UPS
1330,Matthew Taylor,7,Aramex
1331,Daniel Horne,6,DHL
1332,Lindsey Alvarado,3,FedEx
1333,Cassandra Stevenson,5,FedEx
1334,Taylor Evans,1,FedEx
1335,Carrie Hensley,3,FedEx
1336,Mr. Erik Gray,12,SF Express
1337,Nathaniel White,11,DHL
1338,Jason West,6,UPS
1339,Mary Anderson,6,DHL
1340,Jamie Davis,1,FedEx
1341,Brian Collins,10,Blue Dart
1342,Angelica Austin,10,Yamato Transport
1343,Jennifer Vaughn,2,FedEx
1344,Randy Roach,2,UPS
1345,Jennifer Cantrell,11,J&T Express
1346,Benjamin Martinez,3,FedEx
1347,Brandon Pena,6,GLS
1348,Frank Jones DDS,11,SF Express
1349,John Henry,2,Yamato Transport
1350,Michael Henderson,5,GLS
1351,Gina Hart,11,DHL
1352,Douglas Harrison,4,DPD
1353,Nancy Wilson,6,DHL
1354,Dustin Anderson,8,DHL
1355,Jeffrey Rush,11,Blue Dart
1356,Anthony Harding,5,DHL
1357,Christie Bailey,1,UPS
1358,Todd Smith,6,DHL
1359,Lori Johnson,9,Aramex
1360,Cynthia Shields,5,DPD
1361,Kevin Patrick,3,UPS
1362,Thomas Douglas,2,FedEx
1363,Lucas Harper,6,DPD
1364,Lindsay Johnson,4,DPD
1365,Sherri Roberts,12,SF Express
1366,Frank Nguyen,8,Aramex
1367,Kelly Burton,1,UPS
1368,Brittany Jones,3,FedEx
1369,Walter Smith,2,FedEx
1370,Suzanne Miller,2,FedEx
1371,Rodney Miller,6,DHL
1372,Laura James,9,Aramex
1373,Christina Ramirez,9,DHL
1374,Jason Greene,3,FedEx
1375,Bianca Kim,6,DHL
1376,Madison Jones,12,SF Express
1377,Patricia Brown,11,J&T Express
1378,Christine Sanchez,7,DHL
1379,William Malone,11,J&T Express
1380,Dean Jordan,3,UPS
1381,Walter Esparza,6,DHL
1382,Ashley Shelton,8,Aramex
1383,Lisa Molina,3,FedEx
1384,David Hernandez,11,SF Express
1385,Paige Thomas,6,DPD
1386,Kathleen Sutton,11,Yamato Transport
1387,Rebecca Wilkerson,9,Aramex
1388,Michael Wilcox,7,DHL
1389,Jerry Morris,1,FedEx
1390,Amanda Freeman,9,FedEx
1391,Brian Gonzalez,7,DHL
1392,Jacqueline Martinez,1,FedEx
1393,Janice Taylor,1,UPS
1394,Joseph Pearson,3,FedEx
1395,Thomas Clark,7,Aramex
1396,John Stevens,11,J&T Express
1397,Olivia Warner,4,DHL
1398,Mark Casey,5,FedEx
1399,Anthony Walker,2,FedEx
1400,Paul Clarke,2,UPS
1401,Sara Jones,9,Aramex
1402,Christopher Porter,8,DHL
1403,Laura Peterson,2,FedEx
1404,Marvin Myers,10,J&T Express
1405,David Anderson,5,UPS
1406,Lisa Mullen,12,SF Express
1407,Michael Holmes,6,FedEx
1408,Emily Taylor,2,UPS
1409,Jeff White,1,UPS
1410,Patrick Wheeler,12,SF Express
1411,Amanda Rodriguez,9,DHL
1412,Wayne Williams,9,UPS
1413,Teresa Allen,6,DHL
1414,Carl Jordan,2,FedEx
1415,Emily Doyle,3,UPS
1416,Anthony Chen,2,UPS
1417,Aaron Li,11,Blue Dart
1418,Robert Garcia,12,SF Express
1419,Amanda Boyd,12,SF Express
1420,Melissa Shelton,11,J&T Express
1421,Rhonda Walker,10,Yamato Transport
1422,Jessica Serrano,7,FedEx
1423,James Thomas,11,DHL
1424,Nicole Ramsey,5,DPD
1425,Austin Ramirez,3,UPS
1426,Jonathan Martin,6,DPD
1427,Amanda Mitchell,9,FedEx
1428,Kimberly Murphy,1,UPS
1429,Shelby Ware,11,DHL
1430,Louis Pitts,9,Aramex
1431,Maureen Yoder,9,DHL
1432,Crystal Decker,4,FedEx
1433,Dawn Elliott,7,DHL
1434,Kaitlyn Diaz,4,GLS
1435,Ms. Ruth Murphy PhD,4,UPS
1436,Richard Howard,11,J&T Express
1437,Jennifer Patton,1,FedEx
1438,Alex Sanchez,5,DPD
1439,Derek Gibson,7,Aramex
1440,Judy Henry,6,GLS
1441,Samantha Morales,12,SF Express
1442,Shelly Peck,10,J&T Express
1443,Sarah Dunn,1,UPS
1444,Alison Hopkins,4,FedEx
1445,Thomas Bailey,11,Blue Dart
1446,Jose Harrison,10,Blue Dart
1447,Rebekah Jackson,8,UPS
1448,Thomas Wagner,9,DHL
1449,Martha Roach,9,Aramex
1450,Taylor Young,11,J&T Express
1451,Jeffrey Mckenzie,7,Aramex
1452,Michael Sims,5,UPS
1453,Sarah Mata,6,DPD
1454,Miss Jasmine Smith MD,3,FedEx
1455,Jessica Hughes,11,DHL
1456,Jackie Simmons,5,DHL
1457,Matthew Wright,2,UPS
1458,John Garcia,1,Yamato Transport
1459,Madison Friedman,9,Aramex
1460,Terri Rivera,2,FedEx
1461,Donna Grimes,3,UPS
1462,Jermaine Reyes,4,DPD
1463,Anthony Byrd,2,UPS
1464,Morgan Sanchez,7,DHL
1465,Andrea Smith,6,DPD
1466,Teresa Morrison,7,Aramex
1467,Ernest Krueger,8,DHL
1468,Cameron Cook,11,SF Express
1469,Matthew Obrien,1,FedEx
1470,Margaret Ross,1,UPS
1471,Marissa Carter,8,Aramex
1472,Adam Martin,7,Aramex
1473,Philip Mcintyre,6,GLS
1474,Brian Waller,10,FedEx
1475,Adam Cooke,11,DHL
1476,Brian Mack,9,DHL
1477,Darryl Anderson,6,DHL
1478,Karen Estrada,10,SF Express
1479,Jennifer Wilson,9,DHL
1480,Julia Martinez,12,SF Express
1481,Heather Price,3,FedEx
1482,Emily Martinez,7,Aramex
1483,Larry Martin,3,UPS
1484,Abigail Pennington,3,FedEx
1485,Jennifer Rodriguez,12,J&T Express
1486,Monique Maldonado,11,J&T Express
1487,Eric Summers,7,Aramex
1488,Samantha Kelly,1,UPS
1489,Sara Hughes,10,Blue Dart
1490,Kimberly May,12,FedEx
1491,Heather Jackson,11,Blue Dart
1492,Pamela Schultz,11,SF Express
1493,Melissa Diaz,1,Yamato Transport
1494,Donna Logan,10,SF Express
1495,Brandy Barry,3,FedEx
1496,Lawrence Owens,6,GLS
1497,Cheryl Curtis,3,UPS
1498,Mrs. Annette Harrell,4,DPD
1499,Jessica Williams,3,FedEx
1500,Jose Shea,11,Blue Dart
1501,Brandon Torres,2,FedEx
1502,Anne Jones,9,Aramex
1503,Bethany Jackson,11,J&T Express
1504,Alyssa Lee MD,12,Blue Dart
1505,Jeremy Collins,7,Aramex
1506,Dustin Reyes,5,FedEx
1507,John Boyle,1,DHL
1508,Jonathan Wood,3,FedEx
1509,Michael Turner,9,DHL
1510,Steven Morgan,2,FedEx
1511,Kathryn Evans,2,UPS
1512,James Blair,6,UPS
1513,Tony Wyatt,9,Aramex
1514,Andrea Cook,6,DHL
1515,Alexander Aguilar,4,DPD
1516,James Warner,11,J&T Express
1517,Laura Garcia,7,Aramex
1518,Gregory Perry,11,J&T Express
1519,Brian Vazquez,1,DHL
1520,Alan Kelley,6,FedEx
1521,April Hughes,9,DHL
1522,Amber Duncan,4,DHL
1523,Heather Gardner,6,DPD
1524,Mrs. Melissa Simmons,9,Aramex
1525,John Moore,5,DHL
1526,Bryan Clark,5,GLS
1527,Brianna Blevins,12,SF Express
1528,Amy Miller,7,DHL
1529,Leslie Parks,9,FedEx
1530,Kenneth Mccoy,3,FedEx
1531,Catherine Monroe,10,Blue Dart
1532,Nicole Payne,10,SF Express
1533,David Flores,4,DHL
1534,Darius Peterson,9,DHL
1535,Nicholas Sutton,3,FedEx
1536,Amy Hamilton,10,DHL
1537,Jeffrey Carlson,9,Aramex
1538,Cynthia Henderson,5,DPD
1539,Kendra White,3,UPS
1540,James Garcia,11,DHL
1541,Pamela Molina,1,UPS
1542,James Cooper,4,DHL
1543,Paula Kelly,10,J&T Express
1544,James Nash,8,Aramex
1545,Tracy Smith,3,FedEx
1546,Christopher Hernandez,1,FedEx
1547,Maxwell Taylor,6,GLS
1548,Justin Johnson MD,5,DHL
1549,Curtis Williams,8,Aramex
1550,Lindsey Thomas,8,Aramex
1551,Natalie Simmons,6,DPD
1552,Casey Norman,5,DHL
1553,William Hill,11,DHL
1554,Derek Clark,7,Aramex
1555,Joanna Tate,8,Aramex
1556,Amy Sharp,9,Aramex
1557,Tracy Shelton MD,10,DHL
1558,Robert Mitchell,11,J&T Express
1559,Kelly Shaw,4,DPD
1560,Kelsey Rivera,3,FedEx
1561,Barbara Simmons,7,Aramex
1562,Christine Rosales,1,UPS
1563,Robert Guzman,12,Yamato Transport
1564,Vickie Sandoval,11,DHL
1565,Jessica Williams,12,DHL
1566,Brian Hernandez,2,FedEx
1567,Laura Howard,6,DPD
1568,Alexander Jordan,7,Aramex
1569,Carolyn Monroe,4,DPD
1570,Mallory Mckinney,1,UPS
1571,Linda Evans,1,FedEx
1572,Jacob Ford,11,DHL
1573,Courtney Cruz,2,FedEx
1574,Timothy Hall,5,FedEx
1575,Lisa Parker,12,SF Express
1576,Daniel Brown,7,DHL
1577,Morgan Davis,4,DHL
1578,William Russell,8,DHL
1579,Thomas Carter,10,DHL
1580,Vanessa Kaufman,8,FedEx
1581,Laurie Owens,2,DHL
1582,Jeffrey Foley,12,SF Express
1583,Brian Blair,5,FedEx
1584,Terry Jones,4,DHL
1585,Laura Weaver,5,DPD
1586,Tracy Robinson,6,DPD
1587,Leah Strickland,11,J&T Express
1588,Katherine Valdez,5,DHL
1589,Angela Stark,2,FedEx
1590,Jeffrey Rose,5,DPD
1591,John Hurst,4,DPD
1592,Jessica Garcia,5,DPD
1593,Melissa Hanna,1,FedEx
1594,Wesley Vaughan,2,FedEx
1595,John Rivera,9,Aramex
1596,Jesse Moses,9,DHL
1597,Kathryn Kelly,3,UPS
1598,Joshua Kelley,4,DHL
1599,Kimberly Bryan,2,UPS
1600,Benjamin Foster,1,FedEx
1601,Manuel Gillespie,4,FedEx
1602,Mrs. Jessica Alvarado MD,8,DHL
1603,Melissa Lara,4,DHL
1604,Stacey Hood,8,DHL
1605,Amber Gutierrez,11,DHL
1606,Ashley Martin,8,Aramex
1607,Caroline Bentley,3,Yamato Transport
1608,Dr. Alisha Werner DVM,9,Aramex
1609,Kelly Mason,9,Aramex
1610,Joseph Mullen,8,DHL
1611,Victoria Delgado,12,SF Express
1612,Theresa Browning,9,Aramex
1613,Paul Nixon,9,Aramex
1614,Brandy Williams,6,DPD
1615,Katie Padilla,7,DHL
1616,Jenna Pierce,2,FedEx
1617,Alexandra George,2,UPS
1618,Andrea Franklin,5,DHL
1619,Charles Gould,1,FedEx
1620,Patricia Combs,12,SF Express
1621,Robert Jarvis,8,DHL
1622,Karen Martinez,8,Aramex
1623,Nicholas Allen,4,DPD
1624,Brittany Harrell,12,J&T Express
1625,John Young,3,FedEx
1626,Jillian Mcguire,11,SF Express
1627,Gregory Ritter,3,FedEx
1628,Brandi Barker,12,J&T Express
1629,Tina Randall,5,DHL
1630,Jessica Mcgee,3,FedEx
1631,Lisa Norton,1,FedEx
1632,Michelle Williams MD,4,DPD
1633,William Wolfe,4,DPD
1634,Taylor Thomas,2,UPS
1635,Christina Conway,8,DHL
1636,John Miller,2,UPS
1637,Christopher Hogan,1,FedEx
1638,Julie Foster,12,SF Express
1639,Dr. Lisa Myers DVM,1,Yamato Transport
1640,Traci Evans,9,Aramex
1641,Sharon Underwood,1,UPS
1642,Darlene Gibson,11,DHL
1643,Patricia Lee,8,FedEx
1644,Nicholas Griffin,6,FedEx
1645,Cheryl Mitchell,12,SF Express
1646,Jenna Mendoza,12,Yamato Transport
1647,Crystal Sims,5,DHL
1648,Yolanda Weaver,7,DHL
1649,Martin Bautista,12,SF Express
1650,Jenny Gonzalez,6,FedEx
1651,Randy Johnson,12,FedEx
1652,Kathleen Chandler,8,DHL
1653,Mrs. Lisa Bridges,9,Aramex
1654,Johnny Lawson,1,UPS
1655,Leah Davis,1,FedEx
1656,Ronald Bennett,8,FedEx
1657,Peter Silva,11,SF Express
1658,Barbara Guzman,10,DHL
1659,Frederick Ramirez,6,FedEx
1660,Carl Johnson,11,J&T Express
1661,Tabitha Gonzalez,5,DPD
1662,Kelly Potter,3,UPS
1663,William Moreno,7,Aramex
1664,Gregory Haney,6,FedEx
1665,Lawrence Knight,11,SF Express
1666,Victoria Velazquez,1,FedEx
1667,Julie Sanchez,8,FedEx
1668,Lindsey Wood,9,DHL
1669,Tanya Daniels,9,DHL
1670,Suzanne Morris,9,DHL
1671,Christy Jackson,10,SF Express
1672,Jeffrey Gibson,2,UPS
1673,Andrea Fernandez,8,DHL
1674,Antonio Cooper,7,FedEx
1675,Rodney Pearson,2,UPS
1676,Kathleen Martinez,11,Yamato Transport
1677,Christopher Kelly,3,UPS
1678,Louis Brady,8,DHL
1679,Mary King,8,Aramex
1680,Curtis Davila,2,UPS
1681,Kristin Swanson,1,UPS
1682,Kenneth Foster,4,DPD
1683,Mr. Gary Zuniga,1,UPS
1684,Alexander Smith,1,UPS
1685,Evan Fields,2,FedEx
1686,Amy Townsend,3,UPS
1687,Tiffany Powers,6,DHL
1688,Jeffrey Lawrence DVM,5,DPD
1689,Jessica King,12,DHL
1690,Jonathan Gallegos PhD,10,FedEx
1691,Jasmin Coleman,3,DHL
1692,Christopher Taylor,2,FedEx
1693,Kelsey Gonzalez,6,DPD
1694,John King,3,FedEx
1695,David Mckay,3,FedEx
1696,Raymond Ray,6,DPD
1697,Calvin Ellis,3,UPS
1698,Dr. Nicholas Jackson DDS,7,DHL
1699,Wesley Gibson,1,UPS
1700,William Huffman,7,FedEx
1701,Benjamin Clark,4,GLS
1702,Kelly Vasquez,10,FedEx
1703,Kenneth Castillo,11,DHL
1704,Mark Thornton,3,UPS
1705,Jonathan Berry,8,FedEx
1706,Brian Daniel,3,FedEx
1707,Amber Simpson,12,Blue Dart
1708,Karen Martinez,11,DHL
1709,Michael Martinez,5,GLS
1710,Adrian Diaz,2,FedEx
1711,Allen Reed,7,DHL
1712,Jack Johnson,8,DHL
1713,Brian Edwards,10,Blue Dart
1714,Alison Frost,3,UPS
1715,Gene Bush,12,FedEx
1716,Robert Morris,3,UPS
1717,Larry Brock,11,DHL
1718,Crystal Young,2,FedEx
1719,Anna Crawford,11,J&T Express
1720,Michael Strong,2,FedEx
1721,Abigail Knapp,5,UPS
1722,Amanda Brooks,7,Aramex
1723,Lisa Reed,8,Aramex
1724,Emily Black,1,UPS
1725,Justin Wilson,2,FedEx
1726,Danielle Edwards,5,DPD
1727,Michael Smith,12,J&T Express
1728,Lauren Daugherty,3,UPS
1729,James Mcdaniel,5,DPD
1730,Cameron Morgan,2,UPS
1731,George Nguyen,11,SF Express
1732,John Jones,9,UPS
1733,Victoria Silva,5,GLS
1734,Anthony Stevens,12,SF Express
1735,Mrs. Robin Finley MD,5,FedEx
1736,Kurt Copeland MD,5,DPD
1737,Sonya Moore,12,SF Express
1738,Michael Owens,10,Yamato Transport
1739,Christian Morales,2,UPS
1740,Kristina Avila,6,GLS
1741,Steven Johnson,10,SF Express
1742,Steven Mahoney,6,UPS
1743,Steven Cox,7,Aramex
1744,Kristi Jackson,1,UPS
1745,Natalie Hopkins,1,UPS
1746,Mr. Kristopher Serrano,4,DPD
1747,Michael Martin,1,FedEx
1748,Scott Moss,10,DHL
1749,Andrew Anderson,10,DHL
1750,Derek Collins,10,J&T Express
1751,Sarah Powell,4,DPD
1752,Valerie Miller,12,SF Express
1753,Amy Chambers,11,SF Express
1754,John Delgado,11,SF Express
1755,Jonathan Watts DDS,12,J&T Express
1756,Teresa Taylor,5,UPS
1757,James Brown,9,DHL
1758,Emily Fuller,4,DPD
1759,Theresa King,7,DHL
1760,Glenn Kemp,2,FedEx
1761,Amber Carter,7,DHL
1762,Megan Hall,5,DHL
1763,Frank Martinez,12,Blue Dart
1764,Shawn Bush,7,DHL
1765,Clayton Conrad,1,FedEx
1766,Matthew Aguilar,11,SF Express
1767,Michael Allen,12,SF Express
1768,Scott Koch,8,DHL
1769,Roger Hoffman,5,GLS
1770,Victor Wiley,2,FedEx
1771,Michael Holt,2,FedEx
1772,Brian Fritz,8,DHL
1773,Andrea Snow,5,GLS
1774,Justin Reid,8,Aramex
1775,Eric Peterson,9,DHL
1776,Nicole Thompson,10,SF Express
1777,Jessica Brown,7,Aramex
1778,Katherine Olson,6,DPD
1779,Michael Taylor,5,DHL
1780,Anthony Hudson,9,Aramex
1781,Holly Vasquez,10,J&T Express
1782,Nina Rodriguez,9,FedEx
1783,William Brooks,12,SF Express
1784,Gregory Williams,5,GLS
1785,Tanya Edwards,3,FedEx
1786,Shari Griffin,10,Yamato Transport
1787,Adam Castillo,5,GLS
1788,James Montgomery,3,FedEx
1789,Katelyn Poole,7,Aramex
1790,Heidi Patel,4,DHL
1791,Jeffrey Wood,3,UPS
1792,Shannon Espinoza,8,Aramex
1793,Anita Walker,5,DHL
1794,Debra Oliver,1,FedEx
1795,Mr. James Yang,9,Aramex
1796,Christopher Hickman,2,UPS
1797,Molly Schwartz,11,J&T Express
1798,Andrew Jennings,1,FedEx
1799,Robin Mitchell,12,J&T Express
1800,Juan Gordon,8,FedEx
1801,Antonio Carrillo,11,DHL
1802,Sheryl Gonzalez,3,UPS
1803,William Juarez,6,DPD
1804,Matthew Bowers,4,GLS
1805,Mariah Shannon,10,FedEx
1806,Antonio Pierce,1,FedEx
1807,Scott Robinson,11,Blue Dart
1808,Deborah Fitzpatrick,5,DHL
1809,Lisa Young,7,Aramex
1810,Kathy Ramos MD,11,SF Express
1811,Tim Clarke,8,FedEx
1812,Cory Hess,1,DHL
1813,Sonia Baker,4,DPD
1814,Nancy Pugh,10,J&T Express
1815,David Lee,8,Aramex
1816,Cynthia Maldonado,10,SF Express
1817,Dylan Lee,7,Aramex
1818,Mark Leonard,5,DPD
1819,Edward Hernandez,2,FedEx
1820,Alison Owen,10,DHL
1821,Allison Greene,5,GLS
1822,Alyssa Munoz,6,GLS
1823,Thomas Carter,10,J&T Express
1824,Kristen Wagner,10,Yamato Transport
1825,John Lee,7,DHL
1826,Richard Clark,10,SF Express
1827,Pamela Torres,11,SF Express
1828,Cathy Thomas,9,Aramex
1829,Deborah Johnson,3,DHL
1830,Alexander Briggs,1,UPS
1831,Carlos Collins,9,Aramex
1832,David Davis,8,UPS
1833,Jacqueline Wood,10,SF Express
1834,David Price,1,UPS
1835,Dr. Martin Lopez,3,UPS
1836,Amanda Bates,2,FedEx
1837,Calvin Anderson,4,UPS
1838,Douglas Evans,2,FedEx
1839,William Davis,5,GLS
1840,Paul Rice,12,Blue Dart
1841,Michael Brown,8,Aramex
1842,Jordan Daniels,7,Aramex
1843,Tim Rodriguez,2,UPS
1844,Devin Murphy,7,Aramex
1845,Kendra Duran,9,Aramex
1846,Martha Villegas,6,DPD
1847,Stephen Sherman,7,Aramex
1848,Christopher Smith,10,FedEx
1849,Krystal Cardenas,10,DHL
1850,Stephen Hood,9,Aramex
1851,Caitlin Hatfield,9,Aramex
1852,Laura Hill,2,FedEx
1853,Ronnie James,8,DHL
1854,Katherine Malone,11,SF Express
1855,Amber Nunez,4,DPD
1856,Samuel Owens,7,Aramex
1857,Keith Farrell,4,DHL
1858,Tyler Castillo,7,FedEx
1859,George Lopez,2,FedEx
1860,Aaron Brown,6,DPD
1861,Derek Gonzales,12,SF Express
1862,Michael Harris,5,GLS
1863,John Martin,4,DPD
1864,Marissa Jackson,11,SF Express
1865,Erik Brown,1,FedEx
1866,Robert Smith,9,FedEx
1867,Stacy Garcia,8,Aramex
1868,Sandra Holt,6,GLS
1869,Timothy Bruce,9,DHL
1870,Randall Grimes,6,FedEx
1871,Sharon Smith,8,UPS
1872,Kevin Gomez,6,DHL
1873,Elizabeth Allen,3,Yamato Transport
1874,Vicki Roberts,2,Yamato Transport
1875,Danielle Johnson,6,DHL
1876,Aaron Jacobs DDS,1,FedEx
1877,Charles Meyer,3,DHL
1878,Mrs. Jessica Rodriguez,5,DPD
1879,Paula Richardson,9,UPS
1880,Melissa Mann,12,SF Express
1881,Amber Larson,5,UPS
1882,Melissa Flores,9,DHL
1883,Anthony Schwartz,2,DHL
1884,Curtis Mullins,5,FedEx
1885,Kathleen Johnson,9,Aramex
1886,Mr. Dominic Kelly,12,SF Express
1887,Evan Harris,4,DPD
1888,Michael Lee,2,FedEx
1889,Amanda White,5,GLS
1890,Theresa Scott,7,Aramex
1891,Jennifer Meyer,8,Aramex
1892,Matthew Evans,9,Aramex
1893,Lauren Wilson,9,DHL
1894,Steven West,8,Aramex
1895,Brandon Curtis,5,FedEx
1896,Alec Daniel,6,DPD
1897,Jaime Moss,12,SF Express
1898,Danielle Gonzalez,8,Aramex
1899,Christopher Hansen,3,DHL
1900,Samantha Wang,1,FedEx
1901,Jose Pace,7,Aramex
1902,Desiree Moore,8,DHL
1903,Joel Lewis,10,J&T Express
1904,Sheila Mclean,2,UPS
1905,Mr. David Sharp Jr.,3,FedEx
1906,Jared Herrera,4,DHL
1907,Lisa Harris,4,FedEx
1908,Peter Wall,5,GLS
1909,Tyler Huber,4,DHL
1910,Isabel Arnold MD,12,SF Express
1911,Stacey Mcclure,10,Blue Dart
1912,Robert Chavez,5,GLS
1913,Pamela Harris,1,DHL
1914,Gregory Hancock,10,SF Express
1915,Peggy Delacruz,5,GLS
1916,Brandi Torres,4,DHL
1917,Pam Carter,1,FedEx
1918,Devon Neal,12,Blue Dart
1919,James Smith,3,DHL
1920,Shannon Heath,2,FedEx
1921,Johnny Brandt,1,FedEx
1922,Lisa Ward,2,FedEx
1923,Carolyn Delgado,3,UPS
1924,Jennifer Hall,7,Aramex
1925,Maria Chapman,2,FedEx
1926,Darrell Fletcher,7,DHL
1927,Latoya Fernandez,3,UPS
1928,Vanessa Ramos,4,UPS
1929,Kelly Smith,7,DHL
1930,William Freeman,6,DHL
1931,Laurie Moyer,8,Aramex
1932,Brian Hickman,6,DHL
1933,Steve Weeks,2,FedEx
1934,Kimberly Crawford,7,UPS
1935,Ethan Hanson,4,DHL
1936,Philip Diaz,11,DHL
1937,James Daniel,5,DHL
1938,Joshua Edwards,4,GLS
1939,Michelle Lowe,1,UPS
1940,Austin Ryan,9,FedEx
1941,Chelsea Howard,9,Aramex
1942,Andrea Parker,8,Aramex
1943,James Horton,10,DHL
1944,Tanya Myers,2,UPS
1945,Timothy Smith,9,Aramex
1946,Debra Johnson,10,J&T Express
1947,David Bauer,5,DPD
1948,Andrew Acevedo,2,UPS
1949,Raymond Casey,5,FedEx
1950,Susan Butler DDS,7,Aramex
1951,Jesse Day,9,DHL
1952,Pedro Grimes,10,J&T Express
1953,Amy Hale,11,Yamato Transport
1954,Christine Hill,7,DHL
1955,Ronald Bradshaw,11,Blue Dart
1956,Levi Hayes,8,Aramex
1957,William Weaver,11,J&T Express
1958,Jennifer Brown,11,SF Express
1959,Logan Rose,12,DHL
1960,Garrett Thomas,4,DHL
1961,Kari Howe,1,UPS
1962,David Hamilton,5,DHL
1963,Angela Butler,8,DHL
1964,Patricia Watkins,7,FedEx
1965,Laura Logan,4,GLS
1966,Hannah Watkins,2,UPS
1967,Philip Cortez,2,UPS
1968,Kristen Garcia,5,DHL
1969,Joanne Wilson,12,Blue Dart
1970,Jason Gray,2,UPS
1971,Brooke Wilson,3,FedEx
1972,Brandy Thomas,5,GLS
1973,Corey Austin,3,UPS
1974,Mr. David Zimmerman DDS,6,GLS
1975,Leah Douglas,1,Yamato Transport
1976,Lee Pena,5,FedEx
1977,Bradley Adkins,4,DHL
1978,Michael Wilson,12,J&T Express
1979,William Fletcher,6,GLS
1980,Paul Ellis,1,UPS
1981,Lauren Johnson,9,FedEx
1982,Brian Cox,11,J&T Express
1983,Jake Chen,9,UPS
1984,Joel Simmons,6,FedEx
1985,Jeremy Hernandez,5,DHL
1986,Jason Keller,12,Yamato Transport
1987,Lynn Waller,1,FedEx
1988,Matthew Bryant,7,FedEx
1989,Renee Sanders,6,DHL
1990,Ann Rangel,3,FedEx
1991,Tammy Weaver,10,SF Express
1992,Debra Davis,12,DHL
1993,Aaron Russo,3,UPS
1994,Teresa Clark,2,UPS
1995,Craig Gomez,6,DPD
1996,Toni Johnston,12,DHL
1997,Sergio Carter,4,FedEx
1998,Anna Hubbard DDS,1,UPS
1999,Mary Bradshaw DVM,9,DHL
2000,Kathleen Rich,8,Aramex
2001,Jonathan Soto,12,SF Express
2002,Danielle Wilson,7,Aramex
2003,Toni Chaney,8,Aramex
2004,Mr. Luke Williams,8,Aramex
2005,Jennifer Evans,8,Aramex
2006,Cynthia Holder,10,SF Express
2007,Linda Gonzalez,11,Yamato Transport
2008,David Raymond,10,Blue Dart
2009,Ashley Merritt,9,Aramex
2010,Frank Johnson,6,DPD
2011,Ryan Anthony,10,Blue Dart
2012,David Nunez,9,Aramex
2013,Karl Wilkins,7,Aramex
2014,Deanna Ritter,7,DHL
2015,Deborah Baker,3,FedEx
2016,Jon Freeman,6,FedEx
2017,Michael Washington,4,UPS
2018,Jason Robbins,4,GLS
2019,Bradley Lloyd,10,J&T Express
2020,Aaron Keller,4,FedEx
2021,Robert Allen,8,DHL
2022,Patrick Andersen,4,DPD
2023,Robert Paul,12,DHL
2024,Danielle Rodriguez,3,FedEx
2025,Matthew Moran,1,UPS
2026,Todd White,12,SF Express
2027,Jacob Fields,12,J&T Express
2028,April Norris,10,DHL
2029,Michael Marshall,5,DPD
2030,John Davis,7,DHL
2031,David Schmidt,10,DHL
2032,Amy Benson,4,GLS
2033,Victoria Smith,4,DPD
2034,Kim Hinton,4,GLS
2035,Willie Werner,11,J&T Express
2036,Katelyn Matthews,4,DHL
2037,Michael Brown,3,UPS
2038,Kimberly Peterson,1,UPS
2039,David Martin,10,SF Express
2040,James Robinson,6,GLS
2041,Mark Reed,6,UPS
2042,Tina Knight,5,DPD
2043,Elizabeth Gonzalez,2,UPS
2044,Michael Frank,11,J&T Express
2045,Anna Stevens,7,Aramex
2046,Kelli Mcmillan,10,SF Express
2047,Wendy Collins,1,Yamato Transport
2048,Dana Moore,3,FedEx
2049,Miss Cindy George,4,DHL
2050,James Adams,2,UPS
2051,Jessica Mendez,4,GLS
2052,Pamela Ochoa,11,Blue Dart
2053,Timothy Simon,2,DHL
2054,Lisa Sherman,1,UPS
2055,Cheryl Roberts,1,DHL
2056,Kimberly Harvey,5,GLS
2057,Ethan Wilkerson,11,SF Express
2058,Steven Cox,5,DPD
2059,Jessica Wilson,11,DHL
2060,Jeffrey Hickman,2,UPS
2061,Matthew Richardson,8,DHL
2062,Martin Davis,8,Aramex
2063,Mark Cochran,8,DHL
2064,Barbara Nelson,6,GLS
2065,Jordan Jones DDS,6,FedEx
2066,Dana Jordan,9,Aramex
2067,Andrew Frank,9,FedEx
2068,Ashley Willis,6,UPS
2069,Mr. Terry Shepard,7,Aramex
2070,Joseph Hill,3,FedEx
2071,Diane Carter,7,UPS
2072,Tammy Cooper,12,Yamato Transport
2073,Ashley Mora,1,UPS
2074,Jason Allen,10,DHL
2075,Kristen Smith,5,DHL
2076,Michael Rodriguez,2,FedEx
2077,Brittany Collins,12,J&T Express
2078,Anne Branch,10,J&T Express
2079,Steven Schwartz,10,J&T Express
2080,Christian Huynh,6,GLS
2081,Gregory Moore,7,Aramex
2082,James Smith,11,DHL
2083,Nicole Curtis,8,Aramex
2084,Dawn Hendrix,10,SF Express
2085,Mr. Hunter Jones,7,DHL
2086,Michael Faulkner,7,DHL
2087,Garrett Valdez,1,FedEx
2088,Patrick Ferrell,3,Yamato Transport
2089,Daniel Trevino,1,Yamato Transport
2090,Alyssa Rodriguez,10,DHL
2091,Carla Myers,10,FedEx
2092,Timothy Johnson,4,GLS
2093,Wayne Peterson,10,Blue Dart
2094,Eric Allen,11,Yamato Transport
2095,Nicole Spears,9,Aramex
2096,Carla Cruz,8,UPS
2097,Terry Moore,1,FedEx
2098,Chelsea Fletcher,8,Aramex
2099,Charles Roach,11,Yamato Transport
2100,Stacey Salinas,11,SF Express
2101,Kathleen Huang,4,FedEx
2102,Marie Patterson,9,Aramex
2103,Lynn Nelson,8,DHL
2104,Lori Vaughan PhD,12,DHL
2105,Aaron Reynolds,10,SF Express
2106,Mr. John Gibson,3,FedEx
2107,Vanessa Kidd,5,DHL
2108,Ryan Cruz,6,DHL
2109,Denise Ray,9,Aramex
2110,Tammy Reynolds,9,DHL
2111,Nicole Allen,9,Aramex
2112,Alicia Wong,9,DHL
2113,Omar Schmidt,5,DHL
2114,Melissa Perez,3,Yamato Transport
2115,Aaron Powell,11,FedEx
2116,James Aguilar,7,Aramex
2117,James Hudson,9,UPS
2118,Stephanie Kline,4,GLS
2119,Melissa Santiago,1,FedEx
2120,Michele Coleman,6,GLS
2121,Kayla Payne,6,UPS
2122,Stacy Arias,6,DHL
2123,Jason Barnes,1,FedEx
2124,Brian Wells,4,GLS
2125,Lisa Pena,5,DHL
2126,Brian Hensley,12,SF Express
2127,Mrs. Connie Lambert,9,DHL
2128,Willie Wolfe,2,FedEx
2129,Mr. Shawn Williamson,6,DPD
2130,Kelly Morse,1,DHL
2131,Elizabeth Garcia,10,Blue Dart
2132,Veronica Gutierrez,7,Aramex
2133,Maurice Jensen,7,DHL
2134,Daniel Holmes,2,UPS
2135,Cristina Silva,2,UPS
2136,Christina Armstrong,8,Aramex
2137,Darryl Hernandez,6,GLS
2138,Susan Stokes,6,DHL
2139,Sandra Hancock,11,Yamato Transport
2140,Brittany Brown,6,DPD
2141,Ashley Jackson,7,Aramex
2142,Shawn Norris,9,Aramex
2143,Robert Cunningham,7,DHL
2144,Brandon Lyons,1,FedEx
2145,Joseph Anderson Jr.,10,Blue Dart
2146,Kimberly Mitchell,10,Yamato Transport
2147,Katie Cooper,4,GLS
2148,George Key,10,J&T Express
2149,Taylor Carlson,4,DPD
2150,Ruth Russell,3,UPS
2151,Ryan Flores,3,UPS
2152,Emily Cooper,8,DHL
2153,William Wright,10,Yamato Transport
2154,Kenneth Torres,9,Aramex
2155,Michael Perez,10,Yamato Transport
2156,Marissa Kelley,3,FedEx
2157,David Brown,12,SF Express
2158,Michael Baker,3,UPS
2159,Andres Curtis,10,SF Express
2160,Colleen Kim,11,SF Express
2161,Anthony Bowen,7,Aramex
2162,Dr. Katherine Jones MD,3,FedEx
2163,Deanna Ellis,7,DHL
2164,Maria Berg,6,DHL
2165,Matthew Brooks,7,DHL
2166,Joseph Gregory,8,DHL
2167,Timothy Travis,4,UPS
2168,Katherine Kemp,4,GLS
2169,Joann Hamilton,3,FedEx
2170,Kevin Richardson,6,DPD
2171,Matthew Robertson,5,FedEx
2172,Patricia Davis,3,FedEx
2173,Brian Jacobson,7,DHL
2174,Louis Poole,12,FedEx
2175,Megan Wolfe,6,DPD
2176,Tracey Ruiz,11,Blue Dart
2177,Desiree Frank,1,UPS
2178,Patricia Bailey,12,J&T Express
2179,Denise Arnold,11,Yamato Transport
2180,Evelyn Hall,8,Aramex
2181,John Todd,12,J&T Express
2182,Nicole Kim,3,DHL
2183,William Chavez,6,DHL
2184,Jonathan Boyd,2,UPS
2185,Julie Miller,1,Yamato Transport
2186,Shannon Garza,4,DHL
2187,Tracy Robinson,3,UPS
2188,George Branch,7,FedEx
2189,Teresa Rojas,1,FedEx
2190,Robert Williams,7,UPS
2191,Dr. Timothy Johnson,9,DHL
2192,Alexander Cardenas,11,SF Express
2193,Bryan Herrera,9,DHL
2194,Jennifer Torres,1,FedEx
2195,Gabrielle Sweeney,2,Yamato Transport
2196,Rebecca Davis,11,SF Express
2197,Sarah Mendoza,9,DHL
2198,Janet Lane,8,UPS
2199,Sarah Vargas,2,FedEx
2200,Jessica Solomon,7,Aramex
2201,Zachary Mcdowell,6,DHL
2202,Matthew Chavez,6,DPD
2203,Elizabeth Owens,9,Aramex
2204,Stephanie Schmidt,1,UPS
2205,Anthony Andrews,9,DHL
2206,Renee Kent,9,Aramex
2207,Mark Hardy,7,UPS
2208,Alice Mcintyre,2,UPS
2209,Jon Kelley,1,UPS
2210,Vincent Smith,9,Aramex
2211,Juan Jones,7,Aramex
2212,Jodi Cowan,7,Aramex
2213,Debra Crawford,3,UPS
2214,James Kelly,12,DHL
2215,Anna Taylor,3,Yamato Transport
2216,Casey Mcconnell,2,UPS
2217,John Glover,2,FedEx
2218,Travis Mueller,12,SF Express
2219,Jennifer Ward,12,J&T Express
2220,Mary Andrews,6,UPS
2221,Pamela Taylor,10,Yamato Transport
2222,Frances Vega,2,UPS
2223,Courtney Stevenson,5,UPS
2224,Antonio Rodriguez,9,Aramex
2225,Jacob Porter,2,UPS
2226,Patrick Huerta,8,FedEx
2227,Stephen Taylor,9,Aramex
2228,Vanessa Frey,4,DPD
2229,Anne Stewart,6,DPD
2230,Dorothy Martin,6,GLS
2231,Aaron Reyes,3,UPS
2232,Gwendolyn Smith,3,FedEx
2233,Michele White,2,FedEx
2234,Kelly Scott,8,Aramex
2235,Matthew Kennedy,5,DHL
2236,Elizabeth Murillo,2,UPS
2237,Matthew Thompson,1,DHL
2238,Andrew Johnson,1,UPS
2239,Natalie Hamilton,6,FedEx
2240,Haley Green,7,DHL
2241,Justin Jenkins,11,DHL
2242,Michelle Middleton,3,Yamato Transport
2243,Jesse Dominguez,2,UPS
2244,Jose Morgan,7,Aramex
2245,Gregory Ross,10,DHL
2246,Peter Wagner,11,J&T Express
2247,Lynn Rodriguez,2,FedEx
2248,Helen Finley,1,FedEx
2249,Katherine Irwin,1,DHL
2250,Darlene Woodard,2,UPS
2251,Joshua Weber,10,J&T Express
2252,Mrs. Susan Jones,8,UPS
2253,Sabrina Logan,5,GLS
2254,Peter Moses,11,J&T Express
2255,Emily Wilson,2,UPS
2256,Alisha Nguyen,1,UPS
2257,Brittany Poole,4,DPD
2258,Bryan Mahoney,12,SF Express
2259,Charles Walsh,3,FedEx
2260,David Peters,7,Aramex
2261,Kelly Wallace,9,DHL
2262,Catherine Smith,12,SF Express
2263,David Martin,5,GLS
2264,Kelsey Mcintyre,2,UPS
2265,Scott Hodge,11,J&T Express
2266,Matthew Clayton,2,UPS
2267,Pamela Wolf,5,DHL
2268,Andrew Phillips,5,GLS
2269,Kristen Harris,12,SF Express
2270,Grace Long,9,DHL
2271,Austin Ortiz,1,UPS
2272,Laura Walsh,5,DPD
2273,Amy Williams,8,DHL
2274,Mackenzie Stephenson,8,Aramex
2275,Jennifer Michael,2,FedEx
2276,Matthew King,3,UPS
2277,Ashley Green,4,DHL
2278,Veronica Warren,11,SF Express
2279,Christina Bishop,6,GLS
2280,Joann Mullins,9,FedEx
2281,Mitchell Hamilton,1,FedEx
2282,Brittany Rivera,4,DPD
2283,James Hernandez,10,DHL
2284,Anthony Jimenez,6,DHL
2285,Kerri Grant,3,FedEx
2286,Dr. Alison Guzman,3,FedEx
2287,Kevin Pacheco,1,UPS
2288,Christine Price,3,UPS
2289,Lisa Mclean,9,FedEx
2290,Monique Shaw,6,DPD
2291,Elizabeth Myers,4,FedEx
2292,Christina Sims,12,SF Express
2293,Jeffery Riley,12,SF Express
2294,Mary Harrison,3,UPS
2295,Deborah Rios,12,J&T Express
2296,Zachary Alvarez,12,Blue Dart
2297,Paula Harper,10,DHL
2298,Melanie Smith,6,GLS
2299,Joseph Cook,5,FedEx
2300,Nathan Stein,7,Aramex
2301,Natalie Phillips,6,GLS
2302,Casey Spencer,7,Aramex
2303,Alison Parker,5,DPD
2304,Christina Edwards,11,DHL
2305,Kristin Lopez,2,FedEx
2306,Joe Griffin,4,DHL
2307,Eduardo Myers,1,DHL
2308,Ryan Baldwin,1,UPS
2309,Roberto Thompson,4,DHL
2310,Brandi Ward,12,DHL
2311,Marcus Armstrong,9,Aramex
2312,Elizabeth Kemp,2,FedEx
2313,Tiffany Sloan,3,UPS
2314,Dave Jones,9,Aramex
2315,Michelle Wright,6,DPD
2316,Michael Vargas,6,DPD
2317,Miranda Johnston,3,Yamato Transport
2318,David Johnson,5,GLS
2319,Shannon Stark,2,FedEx
2320,Melissa Lynch,12,DHL
2321,Sandra Weeks,6,GLS
2322,Justin Hall,5,GLS
2323,Samantha Scott,11,FedEx
2324,Heather Edwards,3,FedEx
2325,Jared Holt,5,FedEx
2326,Kristin Parsons,6,UPS
2327,Stephanie Houston,11,SF Express
2328,Donald Garcia,1,UPS
2329,Abigail Green,9,FedEx
2330,Kylie Porter,11,FedEx
2331,Daniel Cox IV,11,SF Express
2332,Andrew Cruz,12,Blue Dart
2333,Charles Lee,11,DHL
2334,Vincent Saunders,7,Aramex
2335,Melissa Brooks,1,FedEx
2336,Christine Quinn,9,DHL
2337,Matthew Meyer,2,FedEx
2338,Carol Pugh DDS,9,Aramex
2339,Marissa Clark,9,DHL
2340,Miranda Cooper,11,J&T Express
2341,Christopher Bruce,10,SF Express
2342,Scott Anthony,1,FedEx
2343,Eduardo Krause,5,FedEx
2344,Emily Stevens,8,DHL
2345,Kathy Martinez,10,Blue Dart
2346,Abigail Flores,2,UPS
2347,Jason Calhoun,4,DHL
2348,Justin Grimes,1,UPS
2349,Amanda Delgado,12,SF Express
2350,Lonnie Roberts,12,SF Express
2351,Donna Myers,9,Aramex
2352,Barry Matthews,9,Aramex
2353,Johnny Payne,2,FedEx
2354,Justin Jordan,4,DHL
2355,Jose Smith,8,DHL
2356,James Cervantes,5,DPD
2357,Vanessa Barnes,8,Aramex
2358,Susan Galvan,3,FedEx
2359,Karen Davis,3,FedEx
2360,Justin Phelps,11,DHL
2361,Richard Lopez,4,DHL
2362,Martha Robinson,5,DHL
2363,Caroline Vang,9,DHL
2364,Nicholas Edwards,3,UPS
2365,Kelsey Murphy,1,UPS
2366,Wanda Nicholson,5,GLS
2367,Robert Thompson,10,J&T Express
2368,Traci Young,7,Aramex
2369,Lauren Webb,1,UPS
2370,Terry Martin,5,GLS
2371,Sarah Arnold,1,UPS
2372,Steven Young,11,Blue Dart
2373,Carol Thornton,9,Aramex
2374,Katherine Ortiz,1,UPS
2375,Nicole Hunter,12,Blue Dart
2376,Maureen Richardson,7,Aramex
2377,Donna Lee,6,GLS
2378,Sean Montes,12,J&T Express
2379,Stephanie Marquez,2,DHL
2380,Marc Brown,5,DHL
2381,Nicole Meyer,3,Yamato Transport
2382,Kurt Kline,6,DPD
2383,Danielle Gardner,3,FedEx
2384,Randall Lang,6,GLS
2385,Rebecca Day,2,FedEx
2386,William Miller,4,DHL
2387,Sarah Russell,3,UPS
2388,Marc Parsons,6,DPD
2389,Dana Smith,10,SF Express
2390,Theresa Costa,8,Aramex
2391,Emily Brown,10,SF Express
2392,Joseph Smith,11,Blue Dart
2393,David Hale,10,Blue Dart
2394,Laurie Young,2,FedEx
2395,Holly Manning,9,DHL
2396,Jenny Smith,6,DPD
2397,Travis Carlson,6,DPD
2398,Crystal Young,9,Aramex
2399,Adrian Gaines,11,DHL
2400,Jerry Pope,11,FedEx
2401,Teresa Lee,8,DHL
2402,Michelle Gould,9,Aramex
2403,Jeffrey Bush,1,FedEx
2404,Richard Miller,1,UPS
2405,Allen Brooks,9,DHL
2406,Anthony Jarvis,10,Blue Dart
2407,Mary Murphy,5,FedEx
2408,Debbie Sanders,6,DHL
2409,Carol Blair,1,FedEx
2410,Angela Garcia,12,Blue Dart
2411,Anthony Clark,6,GLS
2412,Jaclyn Neal,5,FedEx
2413,Kenneth Smith,3,UPS
2414,Sara Craig,2,FedEx
2415,Larry Craig,1,UPS
2416,Kevin Rangel,8,Aramex
2417,Mark Douglas,5,FedEx
2418,Mercedes Brock,2,FedEx
2419,Kylie Martinez,3,UPS
2420,Melissa Warren,7,DHL
2421,Jason Stone,4,UPS
2422,Joseph Harris,10,SF Express
2423,Roger Salas,1,UPS
2424,Kirk Ortega,11,Yamato Transport
2425,Daniel Madden,5,FedEx
2426,Mr. Dean Gibson DVM,6,GLS
2427,Laura Vang,5,DHL
2428,Caroline Williams,8,Aramex
2429,Susan Hardin,3,FedEx
2430,Karen Smith,10,DHL
2431,Timothy Frost,1,FedEx
2432,Amber Park,4,DHL
2433,Christina Rivera,12,SF Express
2434,Valerie Doyle,5,DHL
2435,Megan Warren,4,UPS
2436,Matthew Gamble,12,SF Express
2437,Sara Smith,8,FedEx
2438,Tammy Smith,6,DPD
2439,Benjamin Lopez,2,UPS
2440,Zachary James,4,DHL
2441,Katherine Young,4,FedEx
2442,Ronnie Black,3,Yamato Transport
2443,Alicia Day,10,SF Express
2444,Ryan Walker,1,UPS
2445,Alexander Escobar,10,SF Express
2446,Mr. Donald Hunter,9,Aramex
2447,Charles Smith,1,UPS
2448,Steven Williams,5,GLS
2449,Patricia Park,6,UPS
2450,Mandy Atkins,11,SF Express
2451,Kyle Martin,5,UPS
2452,Alyssa Alvarez,1,FedEx
2453,Christopher Hill,4,DHL
2454,Susan Smith,12,Blue Dart
2455,Ashley Lin,11,Yamato Transport
2456,Melissa Rogers,9,FedEx
2457,Virginia Howell,8,DHL
2458,Sarah Gray,9,DHL
2459,Kimberly Phillips,4,DHL
2460,Valerie Rodriguez,10,J&T Express
2461,Brittany Carter,8,Aramex
2462,Brian Young,2,FedEx
2463,Audrey Hatfield,12,Blue Dart
2464,Tiffany Lee,7,Aramex
2465,Laura Rodriguez,3,FedEx
2466,Kyle Ryan,4,DHL
2467,Sean Maddox,12,DHL
2468,Madison Miller,3,FedEx
2469,Rachel Marshall,2,UPS
2470,Christy Sullivan,11,SF Express
2471,Sheryl Adams,2,UPS
2472,Tricia Hanna,2,FedEx
2473,Thomas Williams,5,DPD
2474,Raymond Walker,9,DHL
2475,Daniel Delgado,1,FedEx
2476,Richard Murphy,1,UPS
2477,Charles Galvan,7,Aramex
2478,Sydney Riley,1,UPS
2479,Lucas Decker,11,SF Express
2480,Andrea Tucker,3,UPS
2481,Matthew Ritter,2,FedEx
2482,Karen Stewart DVM,1,FedEx
2483,Kevin Ortiz,4,DPD
2484,Danielle Hall,1,UPS
2485,Amy Mack,12,Blue Dart
2486,John Taylor,3,Yamato Transport
2487,Robert Smith,6,DPD
2488,George Harris,2,UPS
2489,Kristen Howell,3,UPS
2490,Raymond Nelson,2,FedEx
2491,Kimberly Keith DVM,9,Aramex
2492,Cynthia Miller,8,Aramex
2493,Jason Robinson,4,DPD
2494,Christopher White,9,DHL
2495,Jose Russell,6,UPS
2496,Megan Harris,9,Aramex
2497,Andrea Ward,7,FedEx
2498,Michael Miller,6,FedEx
2499,Kristina Berger,2,FedEx
2500,Natalie Ryan,7,UPS
2501,Jacob Flowers,12,SF Express
2502,Allison Gardner,5,UPS
2503,Hailey King,4,GLS
2504,Anthony Friedman,2,FedEx
2505,Brianna Chung,9,DHL
2506,Andrea Johnson,9,DHL
2507,Natalie Valdez,2,FedEx
2508,Jeffrey Li,10,J&T Express
2509,Randy Johnson,10,J&T Express
2510,Anthony Jackson,6,FedEx
2511,Tina Campbell,3,DHL
2512,Douglas Li,9,Aramex
2513,Katrina Adams,3,UPS
2514,Kevin Williams,1,FedEx
2515,Mark Snow,4,FedEx
2516,Mandy Walls,10,J&T Express
2517,Louis Myers,5,DPD
2518,Angelica Gonzalez,11,J&T Express
2519,Grace Huang,7,Aramex
2520,Mr. Eric Carter,2,UPS
2521,Joseph Miller,1,FedEx
2522,Megan Cruz,3,UPS
2523,Andrew Taylor,10,SF Express
2524,Tara Reyes,7,Aramex
2525,Peter Arroyo,7,DHL
2526,Ryan Juarez,6,DPD
2527,Kristin Hernandez,11,FedEx
2528,Cheryl Thompson,3,FedEx
2529,Christina Lopez,8,DHL
2530,Tara Pope,10,DHL
2531,Robert Simmons,6,FedEx
2532,Seth Collins,11,J&T Express
2533,Jimmy Chang,7,DHL
2534,Samantha Schmidt,2,UPS
2535,Debra Mejia,7,DHL
2536,Joseph Wagner,1,UPS
2537,Martin Ferguson,10,J&T Express
2538,Amy Alvarado,6,DHL
2539,Jennifer Parker,3,UPS
2540,Andrew Arnold,6,DHL
2541,Charles Bowers,8,FedEx
2542,Patricia Moore,5,DHL
2543,Rachel Sanchez,2,DHL
2544,Mrs. Jennifer Davis DDS,3,UPS
2545,Todd Espinoza,5,FedEx
2546,Steven Ruiz,8,Aramex
2547,Zoe Curtis,8,Aramex
2548,Melissa Caldwell,7,DHL
2549,Denise Ferguson,8,Aramex
2550,Daniel Meyer,9,Aramex
2551,Victor Cruz,4,DPD
2552,John Kim,9,DHL
2553,Angela Thompson,1,FedEx
2554,Emily Hernandez,6,GLS
2555,Kelly Harvey,3,UPS
2556,Pamela Maddox,7,UPS
2557,James Summers,5,DHL
2558,Carl Hutchinson,8,Aramex
2559,Rhonda Howard,6,DPD
2560,Randy Owens,3,FedEx
2561,Tina Torres,8,Aramex
2562,Nicholas Hunter,9,FedEx
2563,Vincent Smith,10,J&T Express
2564,Darren Chambers,1,FedEx
2565,Jamie Joseph,12,Yamato Transport
2566,Jonathan Bates,3,FedEx
2567,Joshua Cain,5,GLS
2568,Cynthia Jenkins,6,DHL
2569,Joseph Huff,2,FedEx
2570,Danielle Vincent,4,DHL
2571,Christina Ball,2,FedEx
2572,Jennifer Martinez,11,SF Express
2573,Dr. Susan Watson,7,Aramex
2574,Ryan Sloan,5,GLS
2575,Kellie Baxter,1,FedEx
2576,Scott Lowery,2,UPS
2577,Anthony Paul,1,FedEx
2578,Francisco Richmond,1,UPS
2579,Robert Higgins,4,FedEx
2580,Brooke Smith,10,Yamato Transport
2581,Joshua Ramsey,1,FedEx
2582,Jennifer Hunter,4,GLS
2583,William Wilson,9,Aramex
2584,Julie Allen,9,DHL
2585,Jeffery White,4,DPD
2586,Dr. Kristen Klein,2,FedEx
2587,Steven Johnson,2,UPS
2588,Joshua Doyle,11,FedEx
2589,Kathryn Jenkins PhD,1,UPS
2590,Mr. Michael Olson,8,Aramex
2591,Ruth Williams,6,FedEx
2592,Joshua Simmons,12,Yamato Transport
2593,Michael Evans,12,DHL
2594,Keith Davis,8,DHL
2595,Eric Smith,10,J&T Express
2596,Gregory Parker,7,FedEx
2597,Matthew Ellis,11,SF Express
2598,Patricia Fox,4,DHL
2599,Cindy Rodriguez,12,SF Express
2600,Billy Bush,6,DHL
2601,Patrick Fox,9,DHL
2602,Daniel Villanueva,4,DPD
2603,Deborah Perez,12,Blue Dart
2604,Matthew Cummings,8,Aramex
2605,Jessica Owen,1,FedEx
2606,Hannah Ferguson,3,FedEx
2607,Jared Dominguez,3,UPS
2608,Megan Wallace,12,Blue Dart
2609,Joshua Aguilar,11,SF Express
2610,Misty Adams,12,J&T Express
2611,Nicole Bridges,7,Aramex
2612,Connor Wong,11,SF Express
2613,Amy Townsend DVM,5,FedEx
2614,Brian Turner,10,J&T Express
2615,Kelly Chang,5,DHL
2616,Lisa Alvarado,9,Aramex
2617,Cynthia Clark,4,DHL
2618,Jennifer Wright,1,UPS
2619,Casey Vazquez,4,DHL
2620,Brianna Jackson,7,DHL
2621,Brenda Garcia,9,DHL
2622,Erin Dominguez,11,SF Express
2623,Stephanie Miller,11,DHL
2624,Joseph Todd,7,Aramex
2625,Dr. Daniel Cuevas II,10,FedEx
2626,Mary Lyons,11,SF Express
2627,John Trujillo,5,DPD
2628,Chad Martinez,6,DHL
2629,Lisa Farley,4,FedEx
2630,Heather Duncan,1,UPS
2631,Luis Johns,8,FedEx
2632,Susan Mcpherson,3,UPS
2633,Patricia Vincent,1,UPS
2634,Victoria Walton DVM,10,SF Express
2635,Christine Martinez,7,Aramex
2636,Thomas Silva,8,Aramex
2637,Hector Orr,10,Yamato Transport
2638,Christopher Simpson,2,UPS
2639,Derrick Bishop,10,J&T Express
2640,April Robinson,8,Aramex
2641,James Palmer,6,DHL
2642,James Maddox,4,DHL
2643,Bruce Baker,11,Blue Dart
2644,Amy Ferguson,7,Aramex
2645,Elizabeth Henderson,10,DHL
2646,Meghan Garcia,7,Aramex
2647,Jennifer Wu,12,J&T Express
2648,Tonya Bray,6,GLS
2649,Sheila Reid,4,DHL
2650,Julie Martinez,2,Yamato Transport
2651,Christina Green,6,DPD
2652,Emily Day,2,FedEx
2653,Donald Bowman,9,UPS
2654,Mark Weeks,1,UPS
2655,Steven Hill,7,DHL
2656,Taylor Arellano,3,UPS
2657,Eric Young,4,DPD
2658,Christopher Morris,3,FedEx
2659,Norma Porter,9,DHL
2660,Lindsay Evans,3,UPS
2661,Matthew Johnson,9,Aramex
2662,Mr. Brandon Greene MD,5,FedEx
2663,John Campbell,11,J&T Express
2664,Audrey Valdez,5,DHL
2665,Louis Phillips,12,Blue Dart
2666,Brandi Melendez,1,FedEx
2667,James Lewis,10,J&T Express
2668,Elizabeth Pennington,10,J&T Express
2669,Audrey Evans,5,DHL
2670,Robert Boone,5,DHL
2671,Vickie Page,5,FedEx
2672,Catherine White MD,12,FedEx
2673,John Reynolds,6,GLS
2674,Melissa Day,5,DHL
2675,Laura Martinez,12,Blue Dart
2676,Sonya Baker,9,DHL
2677,Brittany Horton,2,UPS
2678,Guy Hughes,6,DPD
2679,Joel Harper,7,DHL
2680,Rachel Le,4,FedEx
2681,Andrea Mora,2,DHL
2682,Mariah Butler,1,UPS
2683,Susan Long,7,DHL
2684,Brian Carrillo,6,DPD
2685,Sonya Mitchell,10,Blue Dart
2686,Gina Chapman,1,FedEx
2687,Elizabeth Moore,3,FedEx
2688,Chris Jones,1,UPS
2689,Kari Chambers,9,Aramex
2690,Allison Powell,3,FedEx
2691,Jessica Burton,6,DPD
2692,Shane Brown,2,UPS
2693,Steven Sandoval,3,Yamato Transport
2694,Nicole Hall,2,DHL
2695,Mrs. Nicole Garcia,7,Aramex
2696,Vanessa Atkinson,3,UPS
2697,Barbara Barrett,3,UPS
2698,David Garner,4,DHL
2699,Leah Harris,5,DHL
2700,Robert Diaz,4,FedEx
2701,Mark Johnston,7,DHL
2702,Megan Collins,3,FedEx
2703,Devon Moore,7,Aramex
2704,Paul Lewis,1,FedEx
2705,Nicole Morris,10,Blue Dart
2706,Curtis Blake,4,GLS
2707,Kimberly Myers,3,UPS
2708,Brenda Williams,8,Aramex
2709,Melissa Garcia,1,UPS
2710,Erica Williams,7,Aramex
2711,Paul Roberson,9,DHL
2712,Andrew Harper,11,SF Express
2713,Corey Scott,5,DPD
2714,Sarah Mckenzie,11,SF Express
2715,Christina Thomas,10,J&T Express
2716,Jennifer Robinson,8,Aramex
2717,Michelle Walters,6,DHL
2718,Jonathan Reyes,8,DHL
2719,Emily Savage,10,SF Express
2720,Courtney Richards,8,DHL
2721,Eduardo Mcconnell,12,SF Express
2722,Christopher Evans,9,FedEx
2723,Rhonda Rodgers,12,J&T Express
2724,Katie Chang,3,UPS
2725,Timothy Hoover,3,FedEx
2726,Marisa Brandt,9,DHL
2727,Taylor Conley,3,DHL
2728,Roberto Robinson,4,DHL
2729,John Reyes,8,Aramex
2730,Maria Gibson DDS,10,SF Express
2731,Samantha Hernandez,1,UPS
2732,Sherry Mccormick,2,UPS
2733,Chris Mclaughlin,6,GLS
2734,April Jones,3,DHL
2735,Chelsea Dougherty,4,DHL
2736,James Kemp,12,Blue Dart
2737,Heather Brown,6,FedEx
2738,Francisco Higgins,12,J&T Express
2739,Nicole Cunningham,9,Aramex
2740,Shawn Baker,6,GLS
2741,Katie Herrera,6,UPS
2742,Justin Sharp,5,DPD
2743,Scott Walker,5,DHL
2744,Steve Parker,4,DHL
2745,Shane Bauer,10,SF Express
2746,Tammy Salazar,8,Aramex
2747,Barry Whitehead,8,Aramex
2748,Henry Mclaughlin,7,FedEx
2749,Jordan Ramos,1,UPS
2750,Marissa Hernandez,4,DHL
2751,Maria Ramos,9,DHL
2752,Rebecca Chandler,8,Aramex
2753,Megan Walker,3,UPS
2754,Brian Reyes,9,Aramex
2755,Martha Harris,2,UPS
2756,Mark Dixon,10,J&T Express
2757,Kimberly Gonzalez,8,DHL
2758,Nicole Burke,9,DHL
2759,Steven Williams,8,Aramex
2760,Sarah Dominguez,6,DHL
2761,James Goodman,8,Aramex
2762,Mary Hudson,4,DHL
2763,Cindy Sampson MD,1,FedEx
2764,Kevin Wall,4,FedEx
2765,Joshua White,2,UPS
2766,Danielle Mcconnell,6,UPS
2767,Kevin Whitaker,3,UPS
2768,Jason Knight,6,FedEx
2769,Brian Hancock,11,SF Express
2770,Andrea Curry,8,DHL
2771,Michael Rivers,6,DPD
2772,Charles Newman,4,DHL
2773,Karen Dunn,7,DHL
2774,Kimberly Cordova,1,UPS
2775,Misty Romero,3,FedEx
2776,Ronald Jennings,7,Aramex
2777,Kristen Gardner,6,UPS
2778,Kimberly Shah,1,UPS
2779,Scott Rogers,12,Yamato Transport
2780,Brian Salazar,7,Aramex
2781,Karen Harper,2,UPS
2782,Annette Cohen,5,DPD
2783,Eduardo Archer,7,DHL
2784,Glenn Perry,11,Blue Dart
2785,Jacob Paul,6,DHL
2786,Jackie Byrd,4,DHL
2787,Jason Thomas,10,SF Express
2788,Morgan Duran DDS,1,UPS
2789,Lawrence Ward,10,SF Express
2790,Mason Lozano,8,FedEx
2791,Dawn Hernandez,10,J&T Express
2792,Patty Richard,6,DHL
2793,Lori Farley,1,FedEx
2794,Ryan Baker,5,DHL
2795,Evelyn Woods DVM,4,DHL
2796,Anthony Boyer,11,Blue Dart
2797,Derek Mckinney,7,UPS
2798,Ms. Kristine Gonzalez,5,DHL
2799,Bethany Rivera,4,UPS
2800,Megan Henry,4,DPD
2801,Amy Dunn,12,SF Express
2802,Laura Bond,7,DHL
2803,Larry Hutchinson,10,Yamato Transport
2804,Bryan Lara,6,DHL
2805,Brian Mccoy,10,SF Express
2806,Belinda Golden,8,DHL
2807,Shannon Ross,5,DHL
2808,Rebecca Freeman,3,FedEx
2809,Jerry Garcia,9,DHL
2810,Jessica Griffith,1,FedEx
2811,Kathryn Martinez,9,Aramex
2812,Keith Branch,1,DHL
2813,Andrew Brown,8,FedEx
2814,Guy Miller,6,UPS
2815,Riley Porter,12,Yamato Transport
2816,Laura Daniels,8,DHL
2817,Michael James,11,Yamato Transport
2818,Brandon Cox,3,UPS
2819,Tyler Ramirez,7,Aramex
2820,Elizabeth Stevenson,6,DHL
2821,Jacob Wu,12,J&T Express
2822,Connie Huerta,5,DHL
2823,Daniel Weber,7,Aramex
2824,Andrew Moss,4,UPS
2825,David Alexander,8,FedEx
2826,Derek Lucas,10,SF Express
2827,Andre Mathis,1,FedEx
2828,John Robinson,7,Aramex
2829,Erin Schaefer,2,UPS
2830,Melissa Steele,9,Aramex
2831,Julia Brock,10,Yamato Transport
2832,Beverly Lynn,12,SF Express
2833,Stacy Nelson,2,UPS
2834,Andrew Taylor,4,GLS
2835,Gail Williams,2,Yamato Transport
2836,Barbara Davis,12,Blue Dart
2837,Erin Waller,3,UPS
2838,Stephanie Wilson,11,Blue Dart
2839,Travis Hanna,2,UPS
2840,Mark Davis,3,FedEx
2841,Jessica Sandoval,6,DPD
2842,Christopher Wood,11,SF Express
2843,William Cortez,3,FedEx
2844,Hannah Schaefer,2,UPS
2845,David Young,10,J&T Express
2846,Jennifer Ortiz,4,DHL
2847,Richard Johnson,5,DHL
2848,Kelly Rodriguez,7,DHL
2849,Barbara Ayala,7,Aramex
2850,Lisa Burnett,9,DHL
2851,Erin Green,10,SF Express
2852,Brenda Finley,6,GLS
2853,David Doyle,6,DHL
2854,Valerie Robinson,2,UPS
2855,Amy Thompson,5,FedEx
2856,Brandi Jackson,7,Aramex
2857,Billy Hood,7,FedEx
2858,Latoya Lawson,11,Blue Dart
2859,Paul Perez,7,Aramex
2860,Jeffery Parker,8,DHL
2861,Jennifer Noble,4,DPD
2862,April Gonzalez,4,DPD
2863,Dwayne Bryan,6,DPD
2864,John Joseph,5,GLS
2865,Krystal Lopez,12,J&T Express
2866,Colleen Lewis,5,DHL
2867,Kelly Atkins,6,DPD
2868,Mary Gill,12,Blue Dart
2869,Nicole Sweeney,4,DHL
2870,Eric Ortiz,3,DHL
2871,Lauren Jackson DVM,8,Aramex
2872,James Murphy,7,Aramex
2873,Dr. Thomas Buckley,9,DHL
2874,Lauren Foley,5,DPD
2875,Rebecca Hill,1,UPS
2876,Leslie Walsh,3,UPS
2877,Lori Wilkinson,12,DHL
2878,Roberta Andrews,1,UPS
2879,Joyce Wells,11,J&T Express
2880,Kenneth Jacobs,7,UPS
2881,Stephen Torres,12,DHL
2882,Thomas Day,1,DHL
2883,Dennis Morris,11,Blue Dart
2884,Alison Wilson,5,DPD
2885,Courtney Walker,4,DHL
2886,Steven Horton,8,DHL
2887,Alexandra Hall,3,FedEx
2888,Deanna Rogers,1,UPS
2889,Gregory Peterson,11,SF Express
2890,Michael Howard,10,J&T Express
2891,Sharon Webster,6,GLS
2892,Laura Barry,4,DHL
2893,Benjamin Hartman,7,UPS
2894,Miguel Acevedo,4,DPD
2895,Johnathan Wallace,4,FedEx
2896,Steven Sanchez,6,DPD
2897,Nancy Olson,3,FedEx
2898,Wendy Burton,2,Yamato Transport
2899,Joshua Thomas,10,SF Express
2900,Becky Molina,7,DHL
2901,Johnny Davis,11,J&T Express
2902,Dylan Clarke PhD,3,UPS
2903,Michael Young,8,FedEx
2904,Rachel Chen,6,DPD
2905,Julie Willis,8,Aramex
2906,Jeff Houston,4,DHL
2907,Kristina Brennan,12,SF Express
2908,Valerie Roth,5,UPS
2909,Diane Ward,1,FedEx
2910,Gabrielle Love,9,DHL
2911,Corey Horn,11,DHL
2912,James Garcia,3,UPS
2913,Emma Watts,9,Aramex
2914,Alexa Patton,7,Aramex
2915,Robert Reed,9,DHL
2916,Jasmine Parker,5,DHL
2917,Nicole Sandoval,9,DHL
2918,Nicholas Mccormick,2,FedEx
2919,Julie Orozco,1,UPS
2920,Danielle Hernandez,1,UPS
2921,Eugene Buchanan,2,FedEx
2922,Tyrone White,1,UPS
2923,Andrew Jones,1,FedEx
2924,Justin Freeman,8,FedEx
2925,Daniel Lowery,5,FedEx
2926,Angela Chavez,5,DHL
2927,Clayton Christensen,6,DHL
2928,Nicole Zimmerman,3,UPS
2929,Paige West,11,SF Express
2930,Carolyn Haynes,7,Aramex
2931,Henry Moore,8,DHL
2932,Jeremy Velez,5,DHL
2933,Christopher Payne,2,UPS
2934,Samuel Ortiz,9,DHL
2935,Zoe Fields,3,FedEx
2936,Christine Parker,10,Yamato Transport
2937,Tina Allen,3,FedEx
2938,Zachary Lamb,9,DHL
2939,Matthew Mann,1,UPS
2940,Stephanie Hebert,12,DHL
2941,Omar Cochran,5,DHL
2942,Patricia Smith,11,Yamato Transport
2943,David Arnold,9,DHL
2944,Stephanie Martinez,7,Aramex
2945,Suzanne Bowen,1,UPS
2946,Heather Hines,11,Blue Dart
2947,Catherine Graham,3,UPS
2948,Jason Bryant,7,DHL
2949,Stephanie Davis,8,Aramex
2950,Jennifer Walsh,7,Aramex
2951,Clifford Kline,12,J&T Express
2952,Lisa Johnson,12,SF Express
2953,Monica Palmer,4,UPS
2954,Madison Levy,4,GLS
2955,Karen Johnson,6,DHL
2956,Nicole Green,1,FedEx
2957,Edward Lyons,10,SF Express
2958,Stacy Harrington,3,UPS
2959,Aaron Chen,10,SF Express
2960,Sydney Brown,2,FedEx
2961,Annette Mcdowell,1,DHL
2962,Andrew Gallagher,2,UPS
2963,Joy Combs,3,FedEx
2964,Paul Watson,1,UPS
2965,Cynthia Howard,3,UPS
2966,Katherine Campbell,6,DHL
2967,Aaron Butler,5,UPS
2968,Alicia Maddox,7,Aramex
2969,John Perez,1,FedEx
2970,Gina Allen,6,DHL
2971,Catherine Donovan,12,DHL
2972,David Ellison,7,Aramex
2973,Nancy Chan,3,FedEx
2974,Linda Mendez,5,DHL
2975,Frank Brown,10,DHL
2976,Jesus Wang,5,GLS
2977,Shannon Daniel,7,FedEx
2978,Mr. Stephen Brandt,2,UPS
2979,Melissa Perkins,7,DHL
2980,Cheryl Miller,4,DPD
2981,Joseph Craig,11,Blue Dart
2982,Luke Hall,11,DHL
2983,Charles Lewis,4,GLS
2984,Janice Kim,1,UPS
2985,Veronica Castro,9,FedEx
2986,Kari Bennett,11,FedEx
2987,Glenn Davis,3,UPS
2988,Timothy King,10,J&T Express
2989,Jaime Anthony,6,DHL
2990,Mrs. Jamie Mays MD,7,Aramex
2991,Mrs. Sherry Andrade,9,Aramex
2992,Troy Hines,12,DHL
2993,Jessica Salazar,8,Aramex
2994,Sabrina Wright,5,GLS
2995,Albert Walker,1,DHL
2996,Danny Jackson,8,Aramex
2997,Amy Sullivan,4,GLS
2998,Lauren Dean,6,FedEx
2999,Joshua Sanchez,6,DHL
3000,Nicole Huynh,3,UPS
