EmployeeID,Name,HubID,Role
1,Amy Gonzalez,2,Admin
2,Jennifer Fischer DVM,2,Sorter
3,Colton Hickman,8,Admin
4,Kendra Bryant,7,Sorter
5,Chad Friedman,6,Admin
6,Lisa Ritter,2,Admin
7,Bryan Baker,3,Sorter
8,Pamela Wilson,1,Admin
9,Jeffrey Clark,11,Sorter
10,Amy Horton,9,Manager
11,Cynthia Young,1,Sorter
12,Bruce Frey,5,Admin
13,Joanna George,6,Admin
14,Daniel Wilson,6,Sorter
15,David Kline,3,Admin
16,Eileen Lynch,8,Manager
17,Patricia Horne,9,Manager
18,Lance Reese,1,Admin
19,Dawn Torres,8,Admin
20,Sarah Hill MD,12,Admin
21,Christopher Gibbs,8,Sorter
22,Holly Davis,3,Sorter
23,Mark Brown,7,Sorter
24,Sharon Clark,7,Admin
25,Michael Powers,12,Sorter
26,Edward Murphy,11,Sorter
27,Lisa White,5,Admin
28,Charles Mccormick,8,Admin
29,William Potter,2,Sorter
30,Joshua Holmes,1,Admin
31,Amanda Thomas,7,Admin
32,Christopher Adams,3,Admin
33,Terri Kelley,7,Sorter
34,David Allen,8,Manager
35,Ryan Wilson,3,Admin
36,Teresa Turner,9,Sorter
37,Lauren Davis,3,Manager
38,Erik Montoya,3,Manager
39,Leslie Roberts,7,Admin
40,Kristina Lewis,2,Manager
41,Isaac Gordon,8,Sorter
42,Joseph Simpson,11,Admin
43,Nicholas Lewis,10,Manager
44,Michelle Jones,11,Manager
45,Samuel Hunter,11,Admin
46,Christopher Moore,4,Manager
47,Erica Brown,10,Admin
48,Andre Smith,11,Sorter
49,Terry Atkinson,12,Sorter
50,Kelly Hahn,9,Admin
51,Christina Fisher PhD,11,Sorter
52,Sarah Garrett,10,Admin
53,Darlene Russo,10,Admin
54,Dana Lewis,12,Manager
55,Elizabeth Bishop,1,Sorter
56,Rachel Pierce,1,Manager
57,Michelle Parker,5,Sorter
58,Donald Gross,5,Manager
59,Brenda Fernandez,4,Sorter
60,Carrie Acevedo,5,Admin
61,Jenna Cook,11,Admin
62,Sean Ramos,2,Sorter
63,Brad Wilson,7,Sorter
64,Justin Stevenson,1,Admin
65,Charles Reyes,10,Sorter
66,Teresa Andrews,5,Manager
67,Wendy Brown,8,Manager
68,Keith Hatfield,2,Manager
69,Peggy Pope,10,Admin
70,Kendra Vasquez,6,Manager
71,Emily Walsh,11,Sorter
72,Cody Ward,4,Manager
73,Lawrence Bright,5,Manager
74,Scott Bowman,4,Manager
75,Rebecca Nguyen,9,Sorter
76,Robert Contreras,9,Sorter
77,Albert Perry,11,Manager
78,Jessica Stein,6,Manager
79,Alicia Wilson,11,Sorter
80,Kelly Weaver,7,Manager
81,Jonathan Rangel,4,Sorter
82,Kimberly Hess,2,Admin
83,Lisa Mccann,12,Manager
84,Marco Peterson,1,Manager
85,David Williams,11,Manager
86,Kayla Myers,5,Manager
87,Blake Wyatt,6,Manager
88,Steven Mcdonald,12,Sorter
89,Michael Garner,9,Manager
90,Brandon Tanner,8,Admin
91,Angela Estes DDS,7,Sorter
92,Susan Miller,12,Manager
93,Jason Peters,1,Sorter
94,Sarah Lynn,7,Admin
95,Linda Smith,5,Manager
96,Rebecca Nelson,12,Sorter
97,David Huynh,1,Admin
98,Joseph Blevins,7,Admin
99,Katie Jones,7,Admin
100,Vanessa Francis,3,Sorter
101,Candice Schroeder,11,Manager
102,Christine Garza,10,Admin
103,Latasha Santiago,5,Manager
104,Tina Barnes,7,Manager
105,Jeffrey Payne,8,Admin
106,Jeffrey Braun,2,Manager
107,Julie Parker,8,Manager
108,Jenna Rose,6,Admin
109,Leslie Smith,11,Admin
110,Kyle Williams,6,Sorter
111,Daniel Smith,4,Sorter
112,Amy Ayers,6,Manager
113,Nancy Garcia,4,Sorter
114,Taylor Benitez,6,Sorter
115,Paul Wise,5,Sorter
116,Robert Reid,6,Admin
117,Erin Ayers,6,Sorter
118,Andrew Benjamin,3,Manager
119,Christopher Black,9,Sorter
120,Patricia Mckenzie,5,Admin
121,David Aguilar,2,Sorter
122,Anthony Suarez,5,Sorter
123,Cheryl Le,7,Admin
124,Randy Ward,3,Admin
125,Michael Marks,1,Sorter
126,Mrs. Amy Cain,12,Admin
127,Timothy Daugherty,1,Admin
128,Christopher Jones,1,Admin
129,Kathleen Jones,9,Sorter
130,Theresa Reed,2,Sorter
131,George Villarreal,6,Manager
132,Nicholas Leon,2,Admin
133,James Fowler,12,Admin
134,Amanda Moses,1,Manager
135,Angela Hall,9,Sorter
136,Steven Hensley,4,Manager
137,Justin Hoover,8,Sorter
138,Traci James,2,Sorter
139,Whitney Suarez,6,Admin
140,Brooke Guzman,8,Manager
141,Heather Berg,10,Admin
142,Charles Diaz,1,Manager
143,Alyssa Mullins,4,Admin
144,Rebecca Moss,5,Admin
145,Leslie Rice,2,Admin
146,Sarah Griffith,6,Admin
147,Sarah Alvarez,11,Sorter
148,Janice Brown,9,Sorter
149,Tracy Mcdaniel,1,Sorter
150,Mark Harris,10,Manager
151,Shelley Hess,12,Manager
152,Hannah Melton DVM,6,Admin
153,Christopher Kemp,4,Sorter
154,Kathleen Clayton,9,Manager
155,John Lucas,6,Sorter
156,Taylor Ross,2,Manager
157,Janet Fernandez,11,Admin
158,Angela Thomas,8,Manager
159,Wesley Blair,11,Manager
160,Lauren Wilson,6,Admin
161,David Stone,1,Sorter
162,Jonathan Reyes,9,Manager
163,Peter Tate,6,Admin
164,Kathy Blake,7,Admin
165,Kyle Madden,9,Manager
166,Julie Andrews,5,Manager
167,Christine French,2,Manager
168,Mitchell Hughes,4,Admin
169,Adam Rios,5,Sorter
170,Debbie Baker,5,Admin
171,Lisa Moreno,9,Admin
172,Brian Carpenter,3,Manager
173,Alyssa Pearson,5,Sorter
174,Diana Ward,3,Manager
175,James Sullivan,6,Manager
176,Jackie Mclean,2,Sorter
177,Michelle Boyd,5,Sorter
178,Brenda Martinez,7,Sorter
179,Melanie Davis,6,Admin
180,Grace Carter,3,Sorter
181,Megan Perry,1,Sorter
182,Timothy Wade,9,Manager
183,Luis Lawson,1,Admin
184,Benjamin Brown,11,Manager
185,Mary Williamson,7,Sorter
186,Tyler Stevenson,11,Manager
187,Mark Austin,12,Manager
188,Michael Wright,6,Sorter
189,Nancy Cortez,3,Manager
190,John Ramsey,7,Sorter
191,Susan Chang,9,Admin
192,Amanda Jensen,10,Admin
193,Melissa Stewart,5,Manager
194,Jennifer Golden,8,Manager
195,Anna Jackson DVM,11,Sorter
196,Elizabeth Larson,9,Manager
197,Brent Wilson,6,Admin
198,Sarah Hall,5,Manager
199,Sheena Johnson,9,Manager
200,Keith Kim,11,Admin
201,Patrick Decker,10,Manager
202,Jeffrey Atkins,9,Sorter
203,Kelsey Baxter,12,Manager
204,Steven Cain,8,Manager
205,Michael Jackson,9,Manager
206,Don Rodriguez,9,Sorter
207,Andrew Ellis,9,Sorter
208,Brian Stafford,3,Sorter
209,Tracy Potter,11,Admin
210,Jacob Watson,2,Admin
211,Noah Perez,1,Admin
212,William Oneill,8,Sorter
213,Gina Bond,7,Manager
214,Jennifer Leach,4,Manager
215,Miguel Cox,12,Manager
216,David Turner,9,Sorter
217,Dan Anderson,8,Admin
218,Heather Ramsey,11,Sorter
219,Tina Sanchez,3,Sorter
220,Jack Christensen,2,Manager
221,Tony Copeland,6,Sorter
222,Dawn Graham,1,Admin
223,Sheri Harris,6,Manager
224,Megan Castro,2,Admin
225,Patrick Morris,11,Manager
226,Courtney Bennett,3,Admin
227,Taylor Jones,11,Manager
228,Carol Collins,4,Sorter
229,Jonathan Soto,4,Sorter
230,Brenda Hale,5,Manager
231,Angela Guerrero,6,Sorter
232,Hannah Sullivan,4,Manager
233,William Chandler,6,Admin
234,Thomas Braun,11,Sorter
235,Mackenzie Fox,1,Admin
236,David Leon,1,Manager
237,John Williams,11,Admin
238,Timothy Oliver,11,Admin
239,Savannah Kline,11,Manager
240,Pamela Willis,7,Sorter
241,Rhonda Hernandez,10,Manager
242,Kathleen Bell,7,Manager
243,Randy Hood,4,Admin
244,Matthew Collins,10,Admin
245,Matthew Romero,9,Admin
246,Robin Chavez,8,Sorter
247,April Thompson,5,Manager
248,Patricia Smith,11,Sorter
249,Andre Warren,5,Admin
250,Molly Lewis,5,Sorter
251,Jeremy Rhodes,5,Admin
252,Tiffany Adams,10,Admin
253,Micheal Henry,10,Manager
254,James Bush,9,Sorter
255,Richard Weiss,1,Sorter
256,Robert Reyes,1,Manager
257,Devin Lara,6,Sorter
258,Miguel Dyer,3,Sorter
259,Lydia Neal,7,Sorter
260,Paul Cunningham,9,Manager
261,Alyssa Bond,1,Manager
262,James Brown,6,Manager
263,Cody Wright,10,Admin
264,Chris Barron,4,Manager
265,Gregory Harrison,5,Manager
266,Carlos Dalton,4,Sorter
267,Alan Yates,12,Admin
268,Robert Rodriguez,1,Sorter
269,Alyssa Miller,8,Admin
270,Casey Newton,1,Admin
271,Corey Anderson,10,Admin
272,Chloe Conner,9,Manager
273,Jacqueline Richardson,7,Manager
274,Leslie Ward,6,Sorter
275,Gregory Lopez,10,Manager
276,Danielle Gray,10,Manager
277,Mary Solis,10,Admin
278,Henry Ferguson,12,Admin
279,Katherine Oliver,1,Admin
280,Christopher Gregory,10,Admin
281,Rhonda Nunez,2,Admin
282,Michael Leon DVM,8,Sorter
283,Jamie Moore,4,Admin
284,Karen Sullivan,10,Admin
285,Jared Evans,5,Admin
286,Sheryl Walker,1,Admin
287,Austin Gomez,8,Manager
288,Heidi Johnson,2,Manager
289,Jonathan Miranda,7,Sorter
290,Michelle Ross,8,Admin
291,Jacqueline Gordon,4,Manager
292,Robert Cook,1,Sorter
293,William Taylor,2,Sorter
294,Christopher Ewing,11,Manager
295,Michelle Mcdonald,5,Admin
296,Timothy Sims,4,Admin
297,Steven Chavez,5,Manager
298,Mike Vaughan,2,Manager
299,Beth Rhodes,4,Sorter
300,Crystal Banks,5,Sorter
301,Amber Stewart,8,Manager
302,Luke Butler,12,Sorter
303,Patrick Hughes,3,Manager
304,Holly Hayes,9,Manager
305,Ruth Barnes,5,Manager
306,Nicholas Jordan,9,Admin
307,Luke Chaney,2,Manager
308,Jacob Saunders,10,Manager
309,Annette Garcia,6,Sorter
310,Eric Hale,3,Admin
311,Natalie Christian,2,Manager
312,Shelia Shelton,9,Sorter
313,Christina Hanna,2,Admin
314,Bradley Morton,6,Admin
315,Ryan Pugh,8,Admin
316,Haley Nixon,6,Manager
317,Kathleen Macdonald,11,Admin
318,Nicole Marshall,4,Admin
319,David Porter,6,Admin
320,Teresa Huff,8,Manager
321,Edward Henry,4,Sorter
322,Sarah Wilkerson,12,Manager
323,Robert Williamson,10,Admin
324,Brian Bean,4,Admin
325,Debbie Mckenzie,1,Manager
326,Brenda Hall,5,Admin
327,Tyler Scott,7,Sorter
328,John Hughes,8,Admin
329,John Phillips,4,Manager
330,Jeffery Williams,8,Sorter
331,Caroline Banks,8,Sorter
332,Victor Reed,3,Admin
333,Michael Williams,9,Admin
334,Matthew Adams,6,Manager
335,Jessica Richardson,11,Admin
336,Misty Kelley,2,Sorter
337,Stephanie Hogan,12,Admin
338,Nathan Rodriguez,7,Admin
339,Jeffery Andrews,5,Admin
340,Karen Jackson,8,Admin
341,Renee Odonnell,10,Admin
342,Darrell Vance,11,Manager
343,Anita Pena,2,Manager
344,Daniel Cook,5,Sorter
345,Daniel King,4,Sorter
346,Tony Thompson,7,Manager
347,Joshua Payne,7,Admin
348,Claire Acosta,6,Manager
349,Michael Dunlap,2,Manager
350,Patricia Mooney,11,Sorter
351,Mrs. Laura Brooks MD,4,Sorter
352,Candace Benjamin,5,Manager
353,John Lawson,9,Manager
354,Paul Harris,9,Admin
355,Ryan Gould,5,Admin
356,David Beasley,6,Manager
357,Carlos Gibson,12,Manager
358,Natalie Sanchez,1,Sorter
359,Jose Branch,10,Sorter
360,Noah Turner,7,Manager
361,Cheryl Arnold,10,Sorter
362,Lynn Lewis,3,Admin
363,Monica Hickman,10,Manager
364,Deborah Mullins,11,Admin
365,Jonathan Holt,8,Sorter
366,Joy Singh,7,Sorter
367,Charlotte Morrow,12,Sorter
368,Christine Henderson,8,Manager
369,Corey Lopez,2,Sorter
370,Steven Blanchard,11,Sorter
371,Douglas Jackson,8,Sorter
372,Mrs. Heather Brown,8,Sorter
373,Amy Barnes,1,Manager
374,Michelle Howard,9,Admin
375,Jennifer Gonzalez,8,Sorter
376,Zachary Stanton,10,Manager
377,Brittany Barker,1,Manager
378,Larry Dixon,9,Admin
379,Amanda Murphy,8,Admin
380,Jessica Jackson,7,Sorter
381,Mitchell Bowers,7,Admin
382,Rachel Ellis,5,Admin
383,Jamie Nguyen,3,Sorter
384,Jessica Freeman,5,Sorter
385,Michael Duarte,8,Admin
386,Anna Lawson,7,Manager
387,Lisa Hayes,5,Admin
388,Brittany Manning,8,Admin
389,Katherine Rice,5,Sorter
390,Timothy Lowe,5,Manager
391,John Johnson,2,Manager
392,Jessica Montoya,12,Sorter
393,Elizabeth Bradford,10,Manager
394,Gerald Garcia,9,Admin
395,Maria Castillo,5,Sorter
396,Patty Nelson,3,Manager
397,Mrs. Lisa Horton,8,Sorter
398,Jennifer Carroll,2,Manager
399,Robert Ramirez DVM,4,Manager
400,Marissa Hodges,3,Sorter
401,Calvin Reese,1,Sorter
402,Kelly Nguyen,10,Admin
403,Katie Strickland,5,Manager
404,Dylan Patel,3,Sorter
405,Matthew Hall,5,Manager
406,Christopher Andrade,6,Manager
407,Donald Miller,8,Sorter
408,Jessica Gibson,10,Sorter
409,John Roach,12,Manager
410,Steven Bates,1,Admin
411,William Thomas,5,Admin
412,Henry Hill,5,Manager
413,Andrew Reyes,5,Manager
414,Jennifer Brown,7,Manager
415,Kristen Wilson,4,Sorter
416,Michele Snow,4,Manager
417,Alicia Keller,10,Manager
418,Matthew Campbell,12,Sorter
419,Michele Rios,10,Manager
420,Jennifer Tran,6,Manager
421,Nicole Landry,8,Sorter
422,Nancy Hopkins,8,Admin
423,Tonya Alvarado,6,Sorter
424,Erica Zuniga,6,Admin
425,Amy Allen,4,Manager
426,Thomas Stewart,10,Sorter
427,Eric Gutierrez,10,Sorter
428,Daniel Lynch,7,Manager
429,Cynthia Ryan,11,Sorter
430,Andrew Fuller,1,Admin
431,Christine Hall,3,Sorter
432,Audrey Young,9,Sorter
433,Jacob Smith,10,Manager
434,Dr. Jessica Sullivan,6,Manager
435,Michael Sullivan,11,Manager
436,Lori Haney,4,Manager
437,Michael Becker,7,Sorter
438,Michelle Anderson,9,Sorter
439,Michael Castro,6,Manager
440,Angie George,11,Admin
441,Kathryn Rice,10,Manager
442,Joseph Newton,10,Admin
443,Richard Johnson,7,Sorter
444,Mary Walsh,8,Manager
445,Shawn Jennings,1,Admin
446,Alexandra Diaz,10,Sorter
447,Robert Sanchez,10,Manager
448,Angela Hicks,2,Admin
449,David Ali,7,Admin
450,Dana Gentry,1,Admin
451,Nathan Colon,1,Manager
452,Curtis Lozano,10,Manager
453,Denise Johnson,9,Sorter
454,Lance Johnson,3,Admin
455,Dawn Hinton,1,Admin
456,Haley Norris,3,Sorter
457,Stephanie Perkins,8,Manager
458,Mikayla Alexander,6,Sorter
459,Thomas Smith,1,Sorter
460,Anthony Mendez,11,Admin
461,Derek Kelly,12,Sorter
462,Johnny Hartman,10,Admin
463,Alexander Wilson,6,Manager
464,John Wilson,4,Sorter
465,Kelly Matthews,6,Admin
466,Melissa Smith,4,Manager
467,Randy Hanna,11,Admin
468,Joseph Ryan,12,Admin
469,Danielle Jackson,7,Sorter
470,Brittany Vasquez,4,Admin
471,Michael Pittman,9,Admin
472,Veronica Mercado,5,Sorter
473,Jordan Guzman,6,Sorter
474,Tyler Smith,1,Sorter
475,Kerri Anderson,2,Sorter
476,Michael Williams II,8,Sorter
477,Vanessa Sullivan,8,Sorter
478,Angel Howard,4,Admin
479,Cheryl Bean DVM,7,Manager
480,Dr. Fernando Thomas,8,Sorter
481,Michael Cunningham,4,Admin
482,Jimmy Goodman,9,Manager
483,Kyle Graham,12,Sorter
484,Michael Perez,3,Manager
485,Aaron Allen,3,Admin
486,Frederick Stevenson,8,Admin
487,Carlos Burnett,1,Admin
488,Raymond Berry,2,Sorter
489,Taylor Tran,7,Admin
490,Luis Jimenez,1,Admin
491,Kathy Johnson,12,Manager
492,Brenda Jenkins,1,Sorter
493,Todd Santana,4,Admin
494,Destiny Webb,6,Admin
495,Sierra Davis,2,Manager
496,John Jacobs,2,Manager
497,William Rodriguez,3,Manager
498,Jason Hahn,7,Admin
499,Timothy Velez,1,Admin
500,Kirk Hughes DVM,5,Sorter
